href,title,topicLv1Key,topicLv1Label,topicLv2Key,topicLv2Label,planned_to_topicLv3Key,planned_to_topicLv3Label,actual_to_topicLv3Key,actual_to_topicLv3Label,status
thu-vien/phan-mem-ho-tro-ke-khai-thue-htkk-4-9-6-moi-nhat-2022.html,Phần mềm hỗ trợ kê khai thuế HTKK 4.9.6 mới nhất 2022,mau-file-ke-khai,Mẫu file & kê khai,htkk-etax-thue-dien-tu,HTKK - eTax - Thuế điện tử,htkk-48-49,HTKK 4.8–4.9,htkk-48-49,HTKK 4.8–4.9,ok
thu-vien/phan-mem-ho-tro-ke-khai-thue-htkk-4-9-7-moi-nhat-2022.html,Phần mềm hỗ trợ kê khai thuế HTKK 4.9.7 mới nhất 2022,mau-file-ke-khai,Mẫu file & kê khai,htkk-etax-thue-dien-tu,HTKK - eTax - Thuế điện tử,htkk-48-49,HTKK 4.8–4.9,htkk-48-49,HTKK 4.8–4.9,ok
thu-vien/phan-mem-ho-tro-ke-khai-thue-htkk-4-9-8-moi-nhat-2023.html,Phần mềm hỗ trợ kê khai thuế HTKK 4.9.8 mới nhất 2023,mau-file-ke-khai,Mẫu file & kê khai,htkk-etax-thue-dien-tu,HTKK - eTax - Thuế điện tử,htkk-48-49,HTKK 4.8–4.9,htkk-48-49,HTKK 4.8–4.9,ok
thu-vien/phan-mem-ho-tro-ke-khai-thue-htkk-4-9-9-moi-nhat-2023.html,Phần mềm hỗ trợ kê khai thuế HTKK 4.9.9 mới nhất 2023,mau-file-ke-khai,Mẫu file & kê khai,htkk-etax-thue-dien-tu,HTKK - eTax - Thuế điện tử,htkk-48-49,HTKK 4.8–4.9,htkk-48-49,HTKK 4.8–4.9,ok
thu-vien/phan-mem-ho-tro-ke-khai-thue-htkk-5-0-8-moi-nhat-2023.html,Phần mềm hỗ trợ kê khai thuế HTKK 5.0.8 mới nhất 2023,mau-file-ke-khai,Mẫu file & kê khai,htkk-etax-thue-dien-tu,HTKK - eTax - Thuế điện tử,htkk-5x,HTKK 5.x,htkk-5x,HTKK 5.x,ok
thu-vien/phan-mem-ho-tro-ke-khai-thue-htkk-5-0-9-moi-nhat-2023.html,Phần mềm hỗ trợ kê khai thuế HTKK 5.0.9 mới nhất 2023,mau-file-ke-khai,Mẫu file & kê khai,htkk-etax-thue-dien-tu,HTKK - eTax - Thuế điện tử,htkk-5x,HTKK 5.x,htkk-5x,HTKK 5.x,ok
thu-vien/phan-mem-ho-tro-ke-khai-thue-htkk-5-1-0-moi-nhat-2023.html,Phần mềm hỗ trợ kê khai thuế HTKK 5.1.0 mới nhất 2023,mau-file-ke-khai,Mẫu file & kê khai,htkk-etax-thue-dien-tu,HTKK - eTax - Thuế điện tử,htkk-5x,HTKK 5.x,htkk-5x,HTKK 5.x,ok
thu-vien/phan-mem-ho-tro-ke-khai-thue-htkk-5-1-1-moi-nhat-2023.html,Phần mềm hỗ trợ kê khai thuế HTKK 5.1.1 mới nhất 2023,mau-file-ke-khai,Mẫu file & kê khai,htkk-etax-thue-dien-tu,HTKK - eTax - Thuế điện tử,htkk-5x,HTKK 5.x,htkk-5x,HTKK 5.x,ok
thu-vien/phan-mem-ho-tro-ke-khai-thue-htkk-5-1-2-moi-nhat-2023.html,Phần mềm hỗ trợ kê khai thuế HTKK 5.1.2 mới nhất 2023,mau-file-ke-khai,Mẫu file & kê khai,htkk-etax-thue-dien-tu,HTKK - eTax - Thuế điện tử,htkk-5x,HTKK 5.x,htkk-5x,HTKK 5.x,ok
thu-vien/phan-mem-ho-tro-ke-khai-thue-htkk-5-1-3-moi-nhat-2023.html,Phần mềm hỗ trợ kê khai thuế HTKK 5.1.3 mới nhất 2023,mau-file-ke-khai,Mẫu file & kê khai,htkk-etax-thue-dien-tu,HTKK - eTax - Thuế điện tử,htkk-5x,HTKK 5.x,htkk-5x,HTKK 5.x,ok
thu-vien/phan-mem-ho-tro-ke-khai-thue-htkk-5-1-4-moi-nhat-2024.html,Phần mềm hỗ trợ kê khai thuế HTKK 5.1.4 mới nhất 2024,mau-file-ke-khai,Mẫu file & kê khai,htkk-etax-thue-dien-tu,HTKK - eTax - Thuế điện tử,htkk-5x,HTKK 5.x,htkk-5x,HTKK 5.x,ok
thu-vien/phan-mem-ho-tro-ke-khai-thue-htkk-5-1-5-moi-nhat-2024.html,Phần mềm hỗ trợ kê khai thuế HTKK 5.1.5 mới nhất 2024,mau-file-ke-khai,Mẫu file & kê khai,htkk-etax-thue-dien-tu,HTKK - eTax - Thuế điện tử,htkk-5x,HTKK 5.x,htkk-5x,HTKK 5.x,ok
thu-vien/phan-mem-ho-tro-ke-khai-thue-htkk-5-1-6-moi-nhat-2024.html,Phần mềm hỗ trợ kê khai thuế HTKK 5.1.6 mới nhất 2024,mau-file-ke-khai,Mẫu file & kê khai,htkk-etax-thue-dien-tu,HTKK - eTax - Thuế điện tử,htkk-5x,HTKK 5.x,htkk-5x,HTKK 5.x,ok
thu-vien/phan-mem-ho-tro-ke-khai-thue-htkk-5-1-7-moi-nhat-2024.html,Phần mềm hỗ trợ kê khai thuế HTKK 5.1.7 mới nhất 2024,mau-file-ke-khai,Mẫu file & kê khai,htkk-etax-thue-dien-tu,HTKK - eTax - Thuế điện tử,htkk-5x,HTKK 5.x,htkk-5x,HTKK 5.x,ok
thu-vien/phan-mem-ho-tro-ke-khai-thue-htkk-5-1-8-moi-nhat-2024.html,Phần mềm hỗ trợ kê khai thuế HTKK 5.1.8 mới nhất 2024,mau-file-ke-khai,Mẫu file & kê khai,htkk-etax-thue-dien-tu,HTKK - eTax - Thuế điện tử,htkk-5x,HTKK 5.x,htkk-5x,HTKK 5.x,ok
thu-vien/phan-mem-ho-tro-ke-khai-thue-htkk-5-1-9-moi-nhat-2024.html,Phần mềm hỗ trợ kê khai thuế HTKK 5.1.9 mới nhất 2024,mau-file-ke-khai,Mẫu file & kê khai,htkk-etax-thue-dien-tu,HTKK - eTax - Thuế điện tử,htkk-5x,HTKK 5.x,htkk-5x,HTKK 5.x,ok
thu-vien/phan-mem-ho-tro-ke-khai-thue-htkk-5-2-0-moi-nhat-2024.html,Phần mềm hỗ trợ kê khai thuế HTKK 5.2.0 mới nhất 2024,mau-file-ke-khai,Mẫu file & kê khai,htkk-etax-thue-dien-tu,HTKK - eTax - Thuế điện tử,htkk-5x,HTKK 5.x,htkk-5x,HTKK 5.x,ok
thu-vien/phan-mem-ho-tro-ke-khai-thue-htkk-5-2-1-moi-nhat-2024.html,Phần mềm hỗ trợ kê khai thuế HTKK 5.2.1 mới nhất 2024,mau-file-ke-khai,Mẫu file & kê khai,htkk-etax-thue-dien-tu,HTKK - eTax - Thuế điện tử,htkk-5x,HTKK 5.x,htkk-5x,HTKK 5.x,ok
thu-vien/phan-mem-ho-tro-ke-khai-thue-htkk-5-2-2-moi-nhat-2024.html,Phần mềm hỗ trợ kê khai thuế HTKK 5.2.2 mới nhất 2024,mau-file-ke-khai,Mẫu file & kê khai,htkk-etax-thue-dien-tu,HTKK - eTax - Thuế điện tử,htkk-5x,HTKK 5.x,htkk-5x,HTKK 5.x,ok
thu-vien/phan-mem-ho-tro-ke-khai-thue-htkk-5-2-3-moi-nhat-2024.html,Phần mềm hỗ trợ kê khai thuế HTKK 5.2.3 mới nhất 2024,mau-file-ke-khai,Mẫu file & kê khai,htkk-etax-thue-dien-tu,HTKK - eTax - Thuế điện tử,htkk-5x,HTKK 5.x,htkk-5x,HTKK 5.x,ok
thu-vien/phan-mem-ho-tro-ke-khai-thue-htkk-5-2-4-moi-nhat-2024.html,Phần mềm hỗ trợ kê khai thuế HTKK 5.2.4 mới nhất 2024,mau-file-ke-khai,Mẫu file & kê khai,htkk-etax-thue-dien-tu,HTKK - eTax - Thuế điện tử,htkk-5x,HTKK 5.x,htkk-5x,HTKK 5.x,ok
thu-vien/phan-mem-ho-tro-ke-khai-thue-htkk-5-2-5.html,Phần mềm hỗ trợ kê khai thuế HTKK 5.2.5 mới nhất 2024,mau-file-ke-khai,Mẫu file & kê khai,htkk-etax-thue-dien-tu,HTKK - eTax - Thuế điện tử,htkk-5x,HTKK 5.x,htkk-5x,HTKK 5.x,ok
thu-vien/phan-mem-ho-tro-ke-khai-thue-htkk-5-2-6.html,Phần mềm hỗ trợ kê khai thuế HTKK 5.2.6 mới nhất 2025,mau-file-ke-khai,Mẫu file & kê khai,htkk-etax-thue-dien-tu,HTKK - eTax - Thuế điện tử,htkk-5x,HTKK 5.x,htkk-5x,HTKK 5.x,ok
thu-vien/phan-mem-ho-tro-ke-khai-thue-htkk-5-2-7.html,Phần mềm hỗ trợ kê khai thuế HTKK 5.2.7 mới nhất 2025,mau-file-ke-khai,Mẫu file & kê khai,htkk-etax-thue-dien-tu,HTKK - eTax - Thuế điện tử,htkk-5x,HTKK 5.x,htkk-5x,HTKK 5.x,ok
thu-vien/phan-mem-ho-tro-ke-khai-thue-htkk-5-2-8.html,Phần mềm hỗ trợ kê khai thuế HTKK 5.2.8 mới nhất 2025,mau-file-ke-khai,Mẫu file & kê khai,htkk-etax-thue-dien-tu,HTKK - eTax - Thuế điện tử,htkk-5x,HTKK 5.x,htkk-5x,HTKK 5.x,ok
thu-vien/phan-mem-ho-tro-ke-khai-thue-htkk-5-2-9.html,Phần mềm hỗ trợ kê khai thuế HTKK 5.2.9 mới nhất 2025,mau-file-ke-khai,Mẫu file & kê khai,htkk-etax-thue-dien-tu,HTKK - eTax - Thuế điện tử,htkk-5x,HTKK 5.x,htkk-5x,HTKK 5.x,ok
thu-vien/phan-mem-ho-tro-ke-khai-thue-htkk-5-3-0.html,Phần mềm hỗ trợ kê khai thuế HTKK 5.3.0 mới nhất 2025,mau-file-ke-khai,Mẫu file & kê khai,htkk-etax-thue-dien-tu,HTKK - eTax - Thuế điện tử,htkk-5x,HTKK 5.x,htkk-5x,HTKK 5.x,ok
thu-vien/phan-mem-ho-tro-ke-khai-thue-htkk-5-3-1.html,Phần mềm hỗ trợ kê khai thuế HTKK 5.3.1 mới nhất 2025,mau-file-ke-khai,Mẫu file & kê khai,htkk-etax-thue-dien-tu,HTKK - eTax - Thuế điện tử,htkk-5x,HTKK 5.x,htkk-5x,HTKK 5.x,ok
thu-vien/phan-mem-ho-tro-ke-khai-thue-htkk-5-3-2.html,Phần mềm hỗ trợ kê khai thuế HTKK 5.3.2 mới nhất 2025,mau-file-ke-khai,Mẫu file & kê khai,htkk-etax-thue-dien-tu,HTKK - eTax - Thuế điện tử,htkk-5x,HTKK 5.x,htkk-5x,HTKK 5.x,ok
thu-vien/phan-mem-ho-tro-ke-khai-thue-htkk-5-3-3.html,Phần mềm hỗ trợ kê khai thuế HTKK 5.3.3 mới nhất 2025,mau-file-ke-khai,Mẫu file & kê khai,htkk-etax-thue-dien-tu,HTKK - eTax - Thuế điện tử,htkk-5x,HTKK 5.x,htkk-5x,HTKK 5.x,ok
thu-vien/phan-mem-ho-tro-ke-khai-thue-htkk-5-3-4.html,Phần mềm hỗ trợ kê khai thuế HTKK 5.3.4 mới nhất 2025,mau-file-ke-khai,Mẫu file & kê khai,htkk-etax-thue-dien-tu,HTKK - eTax - Thuế điện tử,htkk-5x,HTKK 5.x,htkk-5x,HTKK 5.x,ok
thu-vien/phan-mem-ho-tro-ke-khai-thue-htkk-5-3-5.html,Phần mềm hỗ trợ kê khai thuế HTKK 5.3.5 mới nhất 2025,mau-file-ke-khai,Mẫu file & kê khai,htkk-etax-thue-dien-tu,HTKK - eTax - Thuế điện tử,htkk-5x,HTKK 5.x,htkk-5x,HTKK 5.x,ok
thu-vien/phan-mem-ho-tro-ke-khai-thue-htkk-5-3-6.html,Phần mềm hỗ trợ kê khai thuế HTKK 5.3.6 mới nhất 2025,mau-file-ke-khai,Mẫu file & kê khai,htkk-etax-thue-dien-tu,HTKK - eTax - Thuế điện tử,htkk-5x,HTKK 5.x,htkk-5x,HTKK 5.x,ok
thu-vien/phan-mem-ho-tro-ke-khai-thue-htkk-5-3-7.html,Phần mềm hỗ trợ kê khai thuế HTKK 5.3.7 mới nhất 2025,mau-file-ke-khai,Mẫu file & kê khai,htkk-etax-thue-dien-tu,HTKK - eTax - Thuế điện tử,htkk-5x,HTKK 5.x,htkk-5x,HTKK 5.x,ok
thu-vien/phan-mem-ho-tro-ke-khai-thue-htkk-5-3-8.html,Phần mềm hỗ trợ kê khai thuế HTKK 5.3.8 mới nhất 2025,mau-file-ke-khai,Mẫu file & kê khai,htkk-etax-thue-dien-tu,HTKK - eTax - Thuế điện tử,htkk-5x,HTKK 5.x,htkk-5x,HTKK 5.x,ok
thu-vien/phan-mem-ho-tro-ke-khai-thue-htkk-5-3-9.html,Phần mềm hỗ trợ kê khai thuế HTKK 5.3.9 mới nhất 2025,mau-file-ke-khai,Mẫu file & kê khai,htkk-etax-thue-dien-tu,HTKK - eTax - Thuế điện tử,htkk-5x,HTKK 5.x,htkk-5x,HTKK 5.x,ok
thu-vien/phan-mem-ho-tro-ke-khai-thue-htkk-5-4-0.html,Phần mềm hỗ trợ kê khai thuế HTKK 5.4.0 mới nhất 2025,mau-file-ke-khai,Mẫu file & kê khai,htkk-etax-thue-dien-tu,HTKK - eTax - Thuế điện tử,htkk-5x,HTKK 5.x,htkk-5x,HTKK 5.x,ok
thu-vien/phan-mem-ho-tro-ke-khai-thue-htkk-5-4-1.html,Phần mềm hỗ trợ kê khai thuế HTKK 5.4.1 mới nhất 2025,mau-file-ke-khai,Mẫu file & kê khai,htkk-etax-thue-dien-tu,HTKK - eTax - Thuế điện tử,htkk-5x,HTKK 5.x,htkk-5x,HTKK 5.x,ok
thu-vien/phan-mem-ho-tro-ke-khai-thue-htkk-5-4-2.html,Phần mềm hỗ trợ kê khai thuế HTKK 5.4.2 mới nhất 2025,mau-file-ke-khai,Mẫu file & kê khai,htkk-etax-thue-dien-tu,HTKK - eTax - Thuế điện tử,htkk-5x,HTKK 5.x,htkk-5x,HTKK 5.x,ok
thu-vien/phan-mem-ho-tro-ke-khai-thue-htkk-5-4-3.html,Phần mềm hỗ trợ kê khai thuế HTKK 5.4.3 mới nhất 2025,mau-file-ke-khai,Mẫu file & kê khai,htkk-etax-thue-dien-tu,HTKK - eTax - Thuế điện tử,htkk-5x,HTKK 5.x,htkk-5x,HTKK 5.x,ok
thu-vien/phan-mem-ho-tro-ke-khai-thue-htkk-5-4-4.html,Phần mềm hỗ trợ kê khai thuế HTKK 5.4.4 mới nhất 2025,mau-file-ke-khai,Mẫu file & kê khai,htkk-etax-thue-dien-tu,HTKK - eTax - Thuế điện tử,htkk-5x,HTKK 5.x,htkk-5x,HTKK 5.x,ok
thu-vien/phan-mem-ho-tro-ke-khai-thue-htkk-5-4-5.html,Phần mềm hỗ trợ kê khai thuế HTKK 5.4.5 mới nhất 2025,mau-file-ke-khai,Mẫu file & kê khai,htkk-etax-thue-dien-tu,HTKK - eTax - Thuế điện tử,htkk-5x,HTKK 5.x,htkk-5x,HTKK 5.x,ok
thu-vien/phan-mem-ho-tro-ke-khai-thue-htkk-5-4-6.html,Phần mềm hỗ trợ kê khai thuế HTKK 5.4.6 mới nhất 2025,mau-file-ke-khai,Mẫu file & kê khai,htkk-etax-thue-dien-tu,HTKK - eTax - Thuế điện tử,htkk-5x,HTKK 5.x,htkk-5x,HTKK 5.x,ok
thu-vien/phan-mem-ho-tro-ke-khai-thue-htkk-5-4-7.html,Phần mềm hỗ trợ kê khai thuế HTKK 5.4.7 mới nhất 2025,mau-file-ke-khai,Mẫu file & kê khai,htkk-etax-thue-dien-tu,HTKK - eTax - Thuế điện tử,htkk-5x,HTKK 5.x,htkk-5x,HTKK 5.x,ok
thu-vien/phan-mem-ho-tro-ke-khai-thue-htkk-5-4-9.html,Phần mềm hỗ trợ kê khai thuế HTKK 5.4.9 mới nhất 2025,mau-file-ke-khai,Mẫu file & kê khai,htkk-etax-thue-dien-tu,HTKK - eTax - Thuế điện tử,htkk-5x,HTKK 5.x,htkk-5x,HTKK 5.x,ok
thu-vien/phan-mem-ho-tro-ke-khai-thue-htkk-5-5-1.html,Phần mềm hỗ trợ kê khai thuế HTKK 5.5.1 mới nhất 2025,mau-file-ke-khai,Mẫu file & kê khai,htkk-etax-thue-dien-tu,HTKK - eTax - Thuế điện tử,htkk-5x,HTKK 5.x,htkk-5x,HTKK 5.x,ok
thu-vien/phan-mem-ho-tro-ke-khai-thue-htkk-5-5-6.html,Phần mềm hỗ trợ kê khai thuế HTKK 5.5.6 mới nhất 2026,mau-file-ke-khai,Mẫu file & kê khai,htkk-etax-thue-dien-tu,HTKK - eTax - Thuế điện tử,htkk-5x,HTKK 5.x,htkk-5x,HTKK 5.x,ok
thu-vien/phan-mem-ho-tro-ke-khai-thue-htkk-5-5-7.html,Phần mềm hỗ trợ kê khai thuế HTKK 5.5.7 mới nhất 2026,mau-file-ke-khai,Mẫu file & kê khai,htkk-etax-thue-dien-tu,HTKK - eTax - Thuế điện tử,htkk-5x,HTKK 5.x,htkk-5x,HTKK 5.x,ok
thu-vien/phan-mem-ho-tro-ke-khai-thue-htkk-5-5-8.html,Phần mềm hỗ trợ kê khai thuế HTKK 5.5.8 mới nhất 2026,mau-file-ke-khai,Mẫu file & kê khai,htkk-etax-thue-dien-tu,HTKK - eTax - Thuế điện tử,htkk-5x,HTKK 5.x,htkk-5x,HTKK 5.x,ok
thu-vien/phan-mem-ho-tro-ke-khai-thue-htkk-5-5-9.html,Phần mềm hỗ trợ kê khai thuế HTKK 5.5.9 mới nhất 2026,mau-file-ke-khai,Mẫu file & kê khai,htkk-etax-thue-dien-tu,HTKK - eTax - Thuế điện tử,htkk-5x,HTKK 5.x,htkk-5x,HTKK 5.x,ok
thu-vien/phan-mem-ho-tro-ke-khai-thue-htkk-5-6-0.html,Phần mềm hỗ trợ kê khai thuế HTKK 5.6.0 mới nhất 2026,mau-file-ke-khai,Mẫu file & kê khai,htkk-etax-thue-dien-tu,HTKK - eTax - Thuế điện tử,htkk-5x,HTKK 5.x,htkk-5x,HTKK 5.x,ok
thu-vien/phan-mem-ho-tro-ke-khai-thue-htkk-5-6-1.html,Phần mềm hỗ trợ kê khai thuế HTKK 5.6.1 mới nhất 2026,mau-file-ke-khai,Mẫu file & kê khai,htkk-etax-thue-dien-tu,HTKK - eTax - Thuế điện tử,htkk-5x,HTKK 5.x,htkk-5x,HTKK 5.x,ok
thu-vien/phan-mem-ho-tro-ke-khai-thue-htkk-5-6-2.html,Phần mềm hỗ trợ kê khai thuế HTKK 5.6.2 mới nhất 2026,mau-file-ke-khai,Mẫu file & kê khai,htkk-etax-thue-dien-tu,HTKK - eTax - Thuế điện tử,htkk-5x,HTKK 5.x,htkk-5x,HTKK 5.x,ok
thu-vien/phan-mem-ho-tro-ke-khai-thue-htkk-5-6-3.html,Phần mềm hỗ trợ kê khai thuế HTKK 5.6.3 mới nhất 2026,mau-file-ke-khai,Mẫu file & kê khai,htkk-etax-thue-dien-tu,HTKK - eTax - Thuế điện tử,htkk-5x,HTKK 5.x,htkk-5x,HTKK 5.x,ok
thu-vien/phan-mem-ho-tro-thue-htkk-4-0-9-moi-nhat-2018.html,Phần mềm hỗ trợ thuế HTKK 4.0.9 mới nhất 2018,mau-file-ke-khai,Mẫu file & kê khai,htkk-etax-thue-dien-tu,HTKK - eTax - Thuế điện tử,htkk-40-44,HTKK 4.0–4.4,htkk-40-44,HTKK 4.0–4.4,ok
thu-vien/phan-mem-htkk-3-2-2-moi-nhat-hien-nay.html,Phần mềm HTKK 3.2.2 mới nhất hiện nay,mau-file-ke-khai,Mẫu file & kê khai,htkk-etax-thue-dien-tu,HTKK - eTax - Thuế điện tử,htkk-3x,HTKK 3.x,htkk-3x,HTKK 3.x,ok
thu-vien/phan-mem-htkk-3-2-3-moi-nhat.html,Phần mềm HTKK 3.2.3 mới nhất,mau-file-ke-khai,Mẫu file & kê khai,htkk-etax-thue-dien-tu,HTKK - eTax - Thuế điện tử,htkk-3x,HTKK 3.x,htkk-3x,HTKK 3.x,ok
thu-vien/phan-mem-htkk-3-2-4.html,Phần mềm HTKK 3.2.4,mau-file-ke-khai,Mẫu file & kê khai,htkk-etax-thue-dien-tu,HTKK - eTax - Thuế điện tử,htkk-3x,HTKK 3.x,htkk-3x,HTKK 3.x,ok
thu-vien/phan-mem-htkk-3-3-0-moi-nhat.html,Phần mềm HTKK 3.3.0 mới nhất năm 2015,mau-file-ke-khai,Mẫu file & kê khai,htkk-etax-thue-dien-tu,HTKK - eTax - Thuế điện tử,htkk-3x,HTKK 3.x,htkk-3x,HTKK 3.x,ok
thu-vien/phan-mem-htkk-3-3-1.html,Phần mềm HTKK 3.3.1 mới nhất năm 2015,mau-file-ke-khai,Mẫu file & kê khai,htkk-etax-thue-dien-tu,HTKK - eTax - Thuế điện tử,htkk-3x,HTKK 3.x,htkk-3x,HTKK 3.x,ok
thu-vien/phan-mem-htkk-3-3-2-nang-cap-ngay-15-07-2015.html,Phần mềm HTKK 3.3.2 nâng cấp ngày 15/07/2015,mau-file-ke-khai,Mẫu file & kê khai,htkk-etax-thue-dien-tu,HTKK - eTax - Thuế điện tử,htkk-3x,HTKK 3.x,htkk-3x,HTKK 3.x,ok
thu-vien/phan-mem-htkk-3-3-3-ngay-18-08-2015.html,Phần mềm HTKK 3.3.3 ngày 18/08/2015,mau-file-ke-khai,Mẫu file & kê khai,htkk-etax-thue-dien-tu,HTKK - eTax - Thuế điện tử,htkk-3x,HTKK 3.x,htkk-3x,HTKK 3.x,ok
thu-vien/phan-mem-htkk-3-3-4-moi-nhat-ngay-11-9-2015.html,Phần mềm HTKK 3.3.4 mới nhất ngày 11/09/2015,mau-file-ke-khai,Mẫu file & kê khai,htkk-etax-thue-dien-tu,HTKK - eTax - Thuế điện tử,htkk-3x,HTKK 3.x,htkk-3x,HTKK 3.x,ok
thu-vien/phan-mem-htkk-3-3-6-moi-nhat-ngay-11-3-2016.html,Phần mềm HTKK 3.3.6 mới nhất ngày 11/3/2016,mau-file-ke-khai,Mẫu file & kê khai,htkk-etax-thue-dien-tu,HTKK - eTax - Thuế điện tử,htkk-3x,HTKK 3.x,htkk-3x,HTKK 3.x,ok
thu-vien/phan-mem-htkk-3-3-7-moi-nhat-ngay-16-3-2016.html,Phần mềm HTKK 3.3.7 mới nhất ngày 16/3/2016,mau-file-ke-khai,Mẫu file & kê khai,htkk-etax-thue-dien-tu,HTKK - eTax - Thuế điện tử,htkk-3x,HTKK 3.x,htkk-3x,HTKK 3.x,ok
thu-vien/phan-mem-htkk-3-3-8-moi-nhat-ngay-12-8-2016.html,Phần mềm HTKK 3.3.8 mới nhất ngày 12/8/2016,mau-file-ke-khai,Mẫu file & kê khai,htkk-etax-thue-dien-tu,HTKK - eTax - Thuế điện tử,htkk-3x,HTKK 3.x,htkk-3x,HTKK 3.x,ok
thu-vien/phan-mem-htkk-3-4-0-moi-nhat-ngay-23-9-2016.html,Phần mềm HTKK 3.4.0 mới nhất ngày 23/9/2016,mau-file-ke-khai,Mẫu file & kê khai,htkk-etax-thue-dien-tu,HTKK - eTax - Thuế điện tử,htkk-3x,HTKK 3.x,htkk-3x,HTKK 3.x,ok
thu-vien/phan-mem-htkk-3-4-1-moi-nhat-ngay-11-11-2016.html,Phần mềm HTKK 3.4.1 mới nhất ngày 11/11/2016,mau-file-ke-khai,Mẫu file & kê khai,htkk-etax-thue-dien-tu,HTKK - eTax - Thuế điện tử,htkk-3x,HTKK 3.x,htkk-3x,HTKK 3.x,ok
thu-vien/phan-mem-htkk-3-4-2-moi-nhat.html,Phần mềm HTKK 3.4.2 mới nhất ngày 7/4/2017,mau-file-ke-khai,Mẫu file & kê khai,htkk-etax-thue-dien-tu,HTKK - eTax - Thuế điện tử,htkk-3x,HTKK 3.x,htkk-3x,HTKK 3.x,ok
thu-vien/phan-mem-htkk-3-4-4-moi-nhat-13-6-2017.html,Phần mềm HTKK 3.4.4 mới nhất 13/6/2017,mau-file-ke-khai,Mẫu file & kê khai,htkk-etax-thue-dien-tu,HTKK - eTax - Thuế điện tử,htkk-3x,HTKK 3.x,htkk-3x,HTKK 3.x,ok
thu-vien/phan-mem-htkk-3-4-6-moi-nhat-2017.html,Phần mềm HTKK 3.4.6 mới nhất 2017,mau-file-ke-khai,Mẫu file & kê khai,htkk-etax-thue-dien-tu,HTKK - eTax - Thuế điện tử,htkk-3x,HTKK 3.x,htkk-3x,HTKK 3.x,ok
thu-vien/phan-mem-htkk-3-8-0-moi-nhat-ngay-10-11-2017.html,Phần mềm HTKK 3.8.0 mới nhất ngày 10/11/2017,mau-file-ke-khai,Mẫu file & kê khai,htkk-etax-thue-dien-tu,HTKK - eTax - Thuế điện tử,htkk-3x,HTKK 3.x,htkk-3x,HTKK 3.x,ok
thu-vien/phan-mem-htkk-3-8-2-moi-nhat-ngay-23-3-2018.html,Phần mềm HTKK 3.8.2 mới nhất ngày 23/3/2018,mau-file-ke-khai,Mẫu file & kê khai,htkk-etax-thue-dien-tu,HTKK - eTax - Thuế điện tử,htkk-3x,HTKK 3.x,htkk-3x,HTKK 3.x,ok
thu-vien/phan-mem-htkk-3-8-3-moi-nhat-ngay-21-04-2018.html,Phần mềm HTKK 3.8.3 mới nhất ngày 21/04/2018,mau-file-ke-khai,Mẫu file & kê khai,htkk-etax-thue-dien-tu,HTKK - eTax - Thuế điện tử,htkk-3x,HTKK 3.x,htkk-3x,HTKK 3.x,ok
thu-vien/phan-mem-htkk-3-8-5-moi-nhat-ngay-25-06-2018.html,Phần mềm HTKK 3.8.5 và 4.0.4 mới nhất ngày 25/06/2018,mau-file-ke-khai,Mẫu file & kê khai,htkk-etax-thue-dien-tu,HTKK - eTax - Thuế điện tử,htkk-3x,HTKK 3.x,htkk-3x,HTKK 3.x,ok
thu-vien/phan-mem-htkk-4-0-6-va-3-8-6-moi-nhat-ngay-24-8-2018.html,Phần mềm HTKK 3.8.6 và 4.0.6 mới nhất ngày 24/08/2018,mau-file-ke-khai,Mẫu file & kê khai,htkk-etax-thue-dien-tu,HTKK - eTax - Thuế điện tử,htkk-3x,HTKK 3.x,htkk-3x,HTKK 3.x,ok
thu-vien/phan-mem-htkk-4-0-moi-nhat-ngay-12-04-2018.html,Phần mềm HTKK 4.0 mới nhất ngày 12/04/2018,mau-file-ke-khai,Mẫu file & kê khai,htkk-etax-thue-dien-tu,HTKK - eTax - Thuế điện tử,htkk-40-44,HTKK 4.0–4.4,htkk-40-44,HTKK 4.0–4.4,ok
