href,title,libraryKindLabel,from_topicLv1Key,from_topicLv1Label,topicLv2Key,topicLv2Label,to_topicLv1Key,to_topicLv1Label,reason
thu-vien/bo-luat-lao-dong-so-45-2019-qh14-cua-quoc-hoi.html,Bộ luật lao động số 45/2019/QH14 của Quốc hội,Văn bản,van-ban-phap-luat,Văn bản pháp luật,luat-bo-luat,Luật - Bộ luật,lao-dong-bao-hiem,Lao động - Bảo hiểm,title-override-laodong
thu-vien/cong-van-10315-btc-tct-quy-dinh-muc-phat-cham-nop-tien-thue.html,Công văn 10315/BTC-TCT Quy định mức phạt chậm nộp tiền thuế,Văn bản,van-ban-phap-luat,Văn bản pháp luật,cong-van,Công văn,thue,Thuế - Hóa đơn,lv2-default-tax-official-letter
thu-vien/cong-van-11352-btc-tchq-vv-hoa-don-hang-xuat-khau.html,Công văn 11352/BTC-TCHQ V/v hóa đơn hàng xuất khẩu,Văn bản,van-ban-phap-luat,Văn bản pháp luật,cong-van,Công văn,thue,Thuế - Hóa đơn,lv2-default-tax-official-letter
thu-vien/cong-van-11819-ct-ttht-chi-phi-duoc-tru-khi-tinh-thue-tndn.html,Công văn 11819/CT-TTHT chi phí được trừ khi tính thuế TNDN,Văn bản,van-ban-phap-luat,Văn bản pháp luật,cong-van,Công văn,thue,Thuế - Hóa đơn,lv2-default-tax-official-letter
thu-vien/cong-van-12568-btc-cdkt-giai-thich-noi-dung-thong-tu-200.html,Công văn 12568/BTC-CĐKT Giải thích nội dung Thông tư 200/2014/TT-BTC,Văn bản,van-ban-phap-luat,Văn bản pháp luật,cong-van,Công văn,ke-toan,Kế toán,title-override-ketoan
thu-vien/cong-van-1307-tct-cs-gia-han-nop-tien-thue-do-covid-19.html,Công văn 1307/TCT-CS gia hạn nộp tiền Thuế do Covid-19,Văn bản,van-ban-phap-luat,Văn bản pháp luật,cong-van,Công văn,thue,Thuế - Hóa đơn,lv2-default-tax-official-letter
thu-vien/cong-van-1434-tct-kk-gia-han-nop-mau-6-gtgt.html,Công văn 1434/TCT-KK gia hạn nộp mẫu 06/GTGT năm 2016-2017,Văn bản,van-ban-phap-luat,Văn bản pháp luật,cong-van,Công văn,thue,Thuế - Hóa đơn,lv2-default-tax-official-letter
thu-vien/cong-van-17526-btc-tct-luat-sua-doi-bo-sung-cac-luat-thue.html,"Công văn số 17526/BTC-TCT Luật sửa đổi, bổ sung các luật về thuế",Văn bản,van-ban-phap-luat,Văn bản pháp luật,cong-van,Công văn,thue,Thuế - Hóa đơn,lv2-default-tax-official-letter
thu-vien/cong-van-17709-btc-tct-ap-dung-thue-gtgt-voi-1-so-mat-hang.html,Công văn 17709/BTC-TCT áp dụng thuế GTGT với 1 số mặt hàng,Văn bản,van-ban-phap-luat,Văn bản pháp luật,cong-van,Công văn,thue,Thuế - Hóa đơn,lv2-default-tax-official-letter
thu-vien/cong-van-2065-ct-nvt-su-dung-so-dinh-danh-thay-ma-so-thue.html,Công văn 2065/CT-NVT sử dụng số định danh thay mã số thuế,Văn bản,van-ban-phap-luat,Văn bản pháp luật,cong-van,Công văn,thue,Thuế - Hóa đơn,lv2-default-tax-official-letter
thu-vien/cong-van-2086-bldtbxh-tldldvn-trien-khai-luong-toi-thieu.html,Công văn 2086/BLĐTBXH-TLĐLĐVN triển khai lương tối thiểu 2022,Văn bản,van-ban-phap-luat,Văn bản pháp luật,cong-van,Công văn,thue,Thuế - Hóa đơn,lv2-default-tax-official-letter
thu-vien/cong-van-2387-bhxh-qlt-huong-dan-cap-the-bhht-2017.html,Công văn 2387/BHXH-QLT Hướng dẫn cấp thẻ BHYT năm 2017,Văn bản,van-ban-phap-luat,Văn bản pháp luật,cong-van,Công văn,lao-dong-bao-hiem,Lao động - Bảo hiểm,title-override-laodong
thu-vien/cong-van-2393-tct-dnncn-khai-thue-thu-nhap-ca-nhan.html,Công văn 2393/TCT-DNNCN khai thuế thu nhập cá nhân,Văn bản,van-ban-phap-luat,Văn bản pháp luật,cong-van,Công văn,thue,Thuế - Hóa đơn,lv2-default-tax-official-letter
thu-vien/cong-van-2626-tct-dnncn-ngay-19-thang-7-nam-2021.html,Công văn 2626/TCT-DNNCN điểm mới Thông tư 40/2021/TT-BTC,Văn bản,van-ban-phap-luat,Văn bản pháp luật,cong-van,Công văn,thue,Thuế - Hóa đơn,lv2-default-tax-official-letter
thu-vien/cong-van-2785-tct-cs-noi-dung-moi-cua-tt-78-ve-thue-tndn.html,Công văn 2785/TCT-CS nội dung mới của TT 78/2014/TT-BTC về thuế TNDN,Văn bản,van-ban-phap-luat,Văn bản pháp luật,cong-van,Công văn,thue,Thuế - Hóa đơn,lv2-default-tax-official-letter
thu-vien/cong-van-3437-tct-tncn-thue-tncn-tien-thu-lao-tra-cho-ca-nhan.html,Công văn 3437/TCT-TNCN Thuế TNCN tiền thu lao trả cho cá nhân,Văn bản,van-ban-phap-luat,Văn bản pháp luật,cong-van,Công văn,thue,Thuế - Hóa đơn,lv2-default-tax-official-letter
thu-vien/cong-van-348-ct-cs-gioi-thieu-noi-dung-moi-tai-nd-70-2025.html,Công văn 348/CT-CS giới thiệu nội dung mới tại Nghị định 70/2025/NĐ-CP,Văn bản,van-ban-phap-luat,Văn bản pháp luật,cong-van,Công văn,thue,Thuế - Hóa đơn,lv2-default-tax-official-letter
thu-vien/cong-van-3609-tct-cs-gioi-hieu-noi-dung-tt-119-2014-tt-btc.html,Công văn 3609/TCT-CS giới hiệu nội dung Thông tư 119/2014/TT-BTC,Văn bản,van-ban-phap-luat,Văn bản pháp luật,cong-van,Công văn,thue,Thuế - Hóa đơn,lv2-default-tax-official-letter
thu-vien/cong-van-3706-tct-kk-gioi-thieu-noi-dung-thong-tu-95.html,Công văn 3706/TCT-KK giới thiệu nội dung Thông tư 95,Văn bản,van-ban-phap-luat,Văn bản pháp luật,cong-van,Công văn,thue,Thuế - Hóa đơn,lv2-default-tax-official-letter
thu-vien/cong-van-3723-tct-kk-quy-dinh-ve-viec-su-dung-hoa-don-gtgt.html,Công văn 3723/TCT-KK Quy định về việc sử dụng hóa đơn GTGT,Văn bản,van-ban-phap-luat,Văn bản pháp luật,cong-van,Công văn,thue,Thuế - Hóa đơn,lv2-default-tax-official-letter
thu-vien/cong-van-3789-tct-cs-xu-phat-lam-mat-hoa-don-theo-hanh-vi.html,Công văn 3789/TCT-CS Xử phạt làm mất hóa đơn theo hành vi,Văn bản,van-ban-phap-luat,Văn bản pháp luật,cong-van,Công văn,thue,Thuế - Hóa đơn,lv2-default-tax-official-letter
thu-vien/cong-van-4153-tct-cs-cach-viet-hoa-don-giam-30-thue-gtgt.html,Công văn 4153/TCT-CS hướng dẫn viết hoá đơn giảm 30% thuế GTGT,Văn bản,van-ban-phap-luat,Văn bản pháp luật,cong-van,Công văn,thue,Thuế - Hóa đơn,lv2-default-tax-official-letter
thu-vien/cong-van-4175-bhxh-pc-huong-dan-thuc-hien-qd-1018-qd-bhxh.html,Công văn 4175/BHXH-PC hướng dẫn thực hiện QĐ 1018/QĐ-BHXH,Văn bản,van-ban-phap-luat,Văn bản pháp luật,cong-van,Công văn,lao-dong-bao-hiem,Lao động - Bảo hiểm,title-override-laodong
thu-vien/cong-van-4291-tct-cs-cho-phep-viet-tat-tren-hoa-don-gtgt.html,Công văn 4291/TCT-CS Cho phép viết tắt trên hóa đơn GTGT,Văn bản,van-ban-phap-luat,Văn bản pháp luật,cong-van,Công văn,thue,Thuế - Hóa đơn,lv2-default-tax-official-letter
thu-vien/cong-van-457-cthn-ttht-hoa-don-dien-tu-chiet-khau-thuong-mai.html,Công văn 457/CTHN-TTHT hóa đơn điện tử chiết khấu thương mại,Văn bản,van-ban-phap-luat,Văn bản pháp luật,cong-van,Công văn,thue,Thuế - Hóa đơn,lv2-default-tax-official-letter
thu-vien/cong-van-4613-ct-cs-khong-nop-thue-van-phai-ke-khai.html,Hộ cá nhân kinh doanh không phải nộp thuế vẫn phải nộp tờ khai,Văn bản,van-ban-phap-luat,Văn bản pháp luật,cong-van,Công văn,thue,Thuế - Hóa đơn,lv2-default-tax-official-letter
thu-vien/cong-van-4818-tct-pc-diem-moi-muc-phat-ve-hoa-don-thue.html,"Công văn 4818/TCT-PC những điểm mới mức phạt về hóa đơn, thuế",Văn bản,van-ban-phap-luat,Văn bản pháp luật,cong-van,Công văn,thue,Thuế - Hóa đơn,lv2-default-tax-official-letter
thu-vien/cong-van-4868-tct-cs-nhung-noi-dung-moi-cua-nghi-dinh-123.html,Công văn 4868/TCT-CS Những nội dung mới của Nghị định 123,Văn bản,van-ban-phap-luat,Văn bản pháp luật,cong-van,Công văn,thue,Thuế - Hóa đơn,lv2-default-tax-official-letter
thu-vien/cong-van-4943-tct-kk-ke-khai-bo-sung-hoa-don-dieu-chinh.html,"Công văn 4943/TCT-KK Hướng dẫn kê khai bổ sung, hóa đơn điều chỉnh",Văn bản,van-ban-phap-luat,Văn bản pháp luật,cong-van,Công văn,thue,Thuế - Hóa đơn,lv2-default-tax-official-letter
thu-vien/cong-van-5189-tct-cs-nhung-noi-dung-moi-cua-nghi-dinh-126.html,Công văn 5189/TCT-CS Những nội dung mới của Nghị định 126,Văn bản,van-ban-phap-luat,Văn bản pháp luật,cong-van,Công văn,thue,Thuế - Hóa đơn,lv2-default-tax-official-letter
thu-vien/cong-van-5286-ct-tncn-huong-dan-quyet-toan-thue-tncn-2016.html,Công văn 5286/CT-TNCN hướng dẫn Quyết toán thuế TNCN 2016,Văn bản,van-ban-phap-luat,Văn bản pháp luật,cong-van,Công văn,thue,Thuế - Hóa đơn,lv2-default-tax-official-letter
thu-vien/cong-van-5485-btc-tct-dang-ky-ke-khai-thue-theo-pp-khau-tru.html,Công văn 5485/BTC-TCT đăng ký kê khai thuế theo pp khấu trừ,Văn bản,van-ban-phap-luat,Văn bản pháp luật,cong-van,Công văn,thue,Thuế - Hóa đơn,lv2-default-tax-official-letter
thu-vien/cong-van-560-ldtbxh-bhxh-tien-luong-thang-13-ko-phai-dong-bhxh.html,Công văn 560/LĐTBXH-BHXH Tiền thưởng lương tháng 13 có phải đóng BHXH?,Văn bản,van-ban-phap-luat,Văn bản pháp luật,cong-van,Công văn,lao-dong-bao-hiem,Lao động - Bảo hiểm,title-override-laodong
thu-vien/cong-van-7040-ct-tncn-huong-dan-quyet-toan-thue-tncn-2018.html,Công văn 7040/CT-TNCN Hướng dẫn Quyết toán thuế TNCN 2018,Văn bản,van-ban-phap-luat,Văn bản pháp luật,cong-van,Công văn,thue,Thuế - Hóa đơn,lv2-default-tax-official-letter
thu-vien/cong-van-767-tct-cs-gioi-thieu-noi-dung-moi-thong-tu-26.html,Công văn 767/TCT-CS giới thiệu nội dung mới của Thông tư 26/2015/TT-BTC,Văn bản,van-ban-phap-luat,Văn bản pháp luật,cong-van,Công văn,thue,Thuế - Hóa đơn,lv2-default-tax-official-letter
thu-vien/cong-van-786-tct-cs-ca-nhan-gop-von-duoc-dung-tien-mat.html,Công văn 786/TCT-CS Cá nhân góp vốn có thể dùng tiền mặt,Văn bản,van-ban-phap-luat,Văn bản pháp luật,cong-van,Công văn,thue,Thuế - Hóa đơn,lv2-default-tax-official-letter
thu-vien/cong-van-801-tct-tncn-ngay-2-3-2016-huong-dan-quyet-toan-thue-tncn.html,Công văn 801/TCT- TNCN Hướng dẫn quyết toán thuế TNCN năm 2015,Văn bản,van-ban-phap-luat,Văn bản pháp luật,cong-van,Công văn,thue,Thuế - Hóa đơn,lv2-default-tax-official-letter
thu-vien/cong-van-845-tct-cntt-ke-hach-nang-cap-htkk-dap-ung-133.html,Công văn 845/TCT-CNTT kế hoạch nâng cấp HTKK đáp ứng TT 133,Văn bản,van-ban-phap-luat,Văn bản pháp luật,cong-van,Công văn,thue,Thuế - Hóa đơn,lv2-default-tax-official-letter
thu-vien/cong-van-897-tct-qln-ve-viec-gia-han-nop-thue-do-covid.html,Công văn 897/TCT-QLN về việc gia hạn nộp thuế do Covid,Văn bản,van-ban-phap-luat,Văn bản pháp luật,cong-van,Công văn,thue,Thuế - Hóa đơn,lv2-default-tax-official-letter
thu-vien/cong-van-huong-dan-ke-khai-hoa-don-dieu-chinh-hoa-don-thay-the.html,"Công văn hướng dẫn kê khai hóa đơn điều chỉnh, thay thế, bỏ sót",Văn bản,van-ban-phap-luat,Văn bản pháp luật,cong-van,Công văn,thue,Thuế - Hóa đơn,lv2-default-tax-official-letter
thu-vien/cong-van-huong-dan-quyet-toan-thue-tncn-2026.html,Công văn hướng dẫn quyết toán thuế TNCN 2026 cho năm 2025,Văn bản,van-ban-phap-luat,Văn bản pháp luật,cong-van,Công văn,thue,Thuế - Hóa đơn,lv2-default-tax-official-letter
thu-vien/cong-van-huong-dan-quyet-toan-thue-tncn.html,Công văn hướng dẫn quyết toán thuế TNCN 2024 vào năm 2025,Văn bản,van-ban-phap-luat,Văn bản pháp luật,cong-van,Công văn,thue,Thuế - Hóa đơn,lv2-default-tax-official-letter
thu-vien/cong-van-huong-dan-ve-thue-thu-nhap-ca-nhan.html,Các công văn hướng dẫn về thuế TNCN đáng chú ý nhất năm 2025,Văn bản,van-ban-phap-luat,Văn bản pháp luật,cong-van,Công văn,thue,Thuế - Hóa đơn,lv2-default-tax-official-letter
thu-vien/cong-van-so-1685-tct-cs-quy-dinh-phu-cap-tien-dien-thoai-cho-nhan-vien.html,Công văn số 1685/TCT-CS quy định chi phí điện thoại cho nhân viên,Văn bản,van-ban-phap-luat,Văn bản pháp luật,cong-van,Công văn,thue,Thuế - Hóa đơn,lv2-default-tax-official-letter
thu-vien/cong-van-so-17557-btc-tct-trien-khai-thuc-hien-luat-thue-gtgt.html,Công văn Số 17557/BTC-TCT triển khai thực hiện luật thuế GTGT,Văn bản,van-ban-phap-luat,Văn bản pháp luật,cong-van,Công văn,thue,Thuế - Hóa đơn,lv2-default-tax-official-letter
thu-vien/cong-van-so-17940-sldtbxh-vl-quy-dinh-ve-lao-dong.html,Công văn Số 17940/SLĐTBXH-VL quy định về lao động,Văn bản,van-ban-phap-luat,Văn bản pháp luật,cong-van,Công văn,thue,Thuế - Hóa đơn,lv2-default-tax-official-letter
thu-vien/cong-van-so-17963-btc-tct-tinh-thue-gtgt-theo-ty-le.html,Công văn số 17963/BTC-TCT tính thuế GTGT theo tỷ lệ %,Văn bản,van-ban-phap-luat,Văn bản pháp luật,cong-van,Công văn,thue,Thuế - Hóa đơn,lv2-default-tax-official-letter
thu-vien/cong-van-so-18128-btc-tct-trien-khai-thuc-hien-luat-thue-gtgt.html,Công văn số 18128 /BTC-TCT triển khai thực hiện Luật thuế GTGT,Văn bản,van-ban-phap-luat,Văn bản pháp luật,cong-van,Công văn,thue,Thuế - Hóa đơn,lv2-default-tax-official-letter
thu-vien/cong-van-so-1839-tct-cs-nhung-noi-dung-moi-cua-tt-39.html,Công văn số 1839/TCT–CS Những nội dung mới của TT 39,Văn bản,van-ban-phap-luat,Văn bản pháp luật,cong-van,Công văn,thue,Thuế - Hóa đơn,lv2-default-tax-official-letter
thu-vien/cong-van-so-4064-bhxh-thu-quy-dinh-ve-bhxh-bhyt-bhtn.html,"Công văn số 4064/BHXH-THU chính sách về BHXH, BHYT, BHTN",Văn bản,van-ban-phap-luat,Văn bản pháp luật,cong-van,Công văn,lao-dong-bao-hiem,Lao động - Bảo hiểm,title-override-laodong
thu-vien/cong-van-so-431-tct-tvqt-quy-dinh-hoa-don-ban-hang.html,Công văn số 431/TCT-TVQT ngày 14/2/2014 về quản lý và sử dụng hóa đơn (bán hàng),Văn bản,van-ban-phap-luat,Văn bản pháp luật,cong-van,Công văn,thue,Thuế - Hóa đơn,lv2-default-tax-official-letter
thu-vien/cong-van-so-4716-tct-cs-gioi-thieu-noi-dung-thong-tu-151-2014-tt-btc.html,Công văn Số 4716/TCT-CS giới thiệu nội dung Thông tư 151/2014/TT-BTC,Văn bản,van-ban-phap-luat,Văn bản pháp luật,cong-van,Công văn,thue,Thuế - Hóa đơn,lv2-default-tax-official-letter
thu-vien/cong-van-so-586-tct-cs-tuyen-truyen-chinh-sach-thue-gtgt.html,Công văn số 586/TCT-CS tuyên truyền chính sách thuế GTGT,Văn bản,van-ban-phap-luat,Văn bản pháp luật,cong-van,Công văn,thue,Thuế - Hóa đơn,lv2-default-tax-official-letter
thu-vien/cong-van-so-7527-btc-tct-thanh-tra-kiem-tra-thue-cac-dn.html,"Công văn Số 7527/BTC-TCT thanh tra, kiểm tra thuế đối với các doanh nghiệp",Văn bản,van-ban-phap-luat,Văn bản pháp luật,cong-van,Công văn,thue,Thuế - Hóa đơn,lv2-default-tax-official-letter
thu-vien/cong-van-so-7924-btc-tchq-lam-thu-tuc-xuat-khau-quyet-toan-thue.html,"Công văn Số 7924/BTC-TCHQ làm thủ tục xuất khẩu, quyết toán thuế",Văn bản,van-ban-phap-luat,Văn bản pháp luật,cong-van,Công văn,thue,Thuế - Hóa đơn,lv2-default-tax-official-letter
thu-vien/cong-van-so-9531-ct-thnvdt-tinh-thue-gtgt-theo-phuong-phap-truc-tiep.html,Công văn số 9531/CT-THNVDT tính thuế GTGT theo phương pháp trực tiếp,Văn bản,van-ban-phap-luat,Văn bản pháp luật,cong-van,Công văn,thue,Thuế - Hóa đơn,lv2-default-tax-official-letter
thu-vien/cong-van-xin-dang-ky-thang-bang-luong-gui-phong-lao-dong.html,Công văn đăng ký Thang bảng lương mới nhất,Văn bản,van-ban-phap-luat,Văn bản pháp luật,cong-van,Công văn,thue,Thuế - Hóa đơn,lv2-default-tax-official-letter
thu-vien/luat-106-2016-qh13-bo-sung-luat-thue-gtgt-quan-ly-thue-ttdb.html,"Luật 106/2016/QH13 sửa đổi, bổ sung Luật thuế GTGT, TTĐB và Quản lý thuế",Văn bản,van-ban-phap-luat,Văn bản pháp luật,luat-bo-luat,Luật - Bộ luật,lao-dong-bao-hiem,Lao động - Bảo hiểm,lv2-default-law
thu-vien/luat-107-2016-qh13-luat-thue-xuat-nhap-khau.html,Luật 107/2016/QH13 Luật thuế Xuất Nhập khẩu,Văn bản,van-ban-phap-luat,Văn bản pháp luật,luat-bo-luat,Luật - Bộ luật,lao-dong-bao-hiem,Lao động - Bảo hiểm,lv2-default-law
thu-vien/luat-bao-hiem-xa-hoi-luat-so-58-2014-qh13.html,Luật Bảo Hiểm Xã Hội - Luật số 58/2014/QH13,Văn bản,van-ban-phap-luat,Văn bản pháp luật,luat-bo-luat,Luật - Bộ luật,lao-dong-bao-hiem,Lao động - Bảo hiểm,lv2-default-law
thu-vien/luat-bao-hiem-xa-hoi-moi-nhat.html,Luật bảo hiểm xã hội 2025 mới nhất số 41/2024/QH15,Văn bản,van-ban-phap-luat,Văn bản pháp luật,luat-bo-luat,Luật - Bộ luật,lao-dong-bao-hiem,Lao động - Bảo hiểm,title-override-laodong
thu-vien/luat-bao-hiem-y-te-sua-doi-moi-nhat-2025-so-51-2024-qh15.html,Luật bảo hiểm y tế sửa đổi mới nhất 2025 số 51/2024/QH15,Văn bản,van-ban-phap-luat,Văn bản pháp luật,luat-bo-luat,Luật - Bộ luật,lao-dong-bao-hiem,Lao động - Bảo hiểm,title-override-laodong
thu-vien/luat-cong-doan-moi-nhat.html,Luật công đoàn 2012 (Luật số: 12/2012/QH13),Văn bản,van-ban-phap-luat,Văn bản pháp luật,luat-bo-luat,Luật - Bộ luật,lao-dong-bao-hiem,Lao động - Bảo hiểm,title-override-laodong
thu-vien/luat-cong-doan-so-50-2024-qh15.html,Luật công đoàn số 50/2024/QH15 mới nhất năm 2025,Văn bản,van-ban-phap-luat,Văn bản pháp luật,luat-bo-luat,Luật - Bộ luật,lao-dong-bao-hiem,Lao động - Bảo hiểm,title-override-laodong
thu-vien/luat-doanh-nghiep-so-59-2020-qh14-ngay-17-06-2020.html,Luật Doanh nghiệp số 59/2020/QH14 ngày 17/06/2020,Văn bản,van-ban-phap-luat,Văn bản pháp luật,luat-bo-luat,Luật - Bộ luật,doanh-nghiep-thu-tuc,Doanh nghiệp - Thủ tục,title-override-dn
thu-vien/luat-ke-toan-luat-so-88-2015-qh13.html,Luật Kế toán - Luật số 88/2015/QH13,Văn bản,van-ban-phap-luat,Văn bản pháp luật,luat-bo-luat,Luật - Bộ luật,ke-toan,Kế toán,title-override-ketoan
thu-vien/luat-lam-viec-luat-so-38-2013-qh13.html,Luật số 38/2013/QH13 - Luật làm việc,Văn bản,van-ban-phap-luat,Văn bản pháp luật,luat-bo-luat,Luật - Bộ luật,lao-dong-bao-hiem,Lao động - Bảo hiểm,lv2-default-law
thu-vien/luat-quan-ly-thue-so-108-2025-qh15-hieu-luc-tu-01-07-2026.html,Luật Quản lý thuế số 108/2025/QH15 hiệu lực từ 01/07/2026,Văn bản,van-ban-phap-luat,Văn bản pháp luật,luat-bo-luat,Luật - Bộ luật,lao-dong-bao-hiem,Lao động - Bảo hiểm,lv2-default-law
thu-vien/luat-quan-ly-thue-so-38-2019-moi-nhat.html,Luật Quản lý thuế số 38/2019/QH14 mới nhất,Văn bản,van-ban-phap-luat,Văn bản pháp luật,luat-bo-luat,Luật - Bộ luật,lao-dong-bao-hiem,Lao động - Bảo hiểm,lv2-default-law
thu-vien/luat-so-31-2013-qh13-sua-doi-bo-sung-luat-thue-gtgt.html,Luật số 31/2013/QH13 Sửa đổi bổ sung Luật Thuế GTGT,Văn bản,van-ban-phap-luat,Văn bản pháp luật,luat-bo-luat,Luật - Bộ luật,lao-dong-bao-hiem,Lao động - Bảo hiểm,lv2-default-law
thu-vien/luat-so-46-2014-qh13-sua-doi-bo-sung-luat-bao-hiem-y-te.html,"Luật số 46/2014/QH13 - Sửa đổi, bổ sung Luật Bảo hiểm y tế",Văn bản,van-ban-phap-luat,Văn bản pháp luật,luat-bo-luat,Luật - Bộ luật,lao-dong-bao-hiem,Lao động - Bảo hiểm,lv2-default-law
thu-vien/luat-so-68-2014-qh13-luat-doanh-nghiep-2015.html,Luật Doanh nghiệp - Luật số 68/2014/QH13,Văn bản,van-ban-phap-luat,Văn bản pháp luật,luat-bo-luat,Luật - Bộ luật,lao-dong-bao-hiem,Lao động - Bảo hiểm,lv2-default-law
thu-vien/luat-so-71-2014-qh13-sua-doi-bo-sung-cac-luat-ve-thue.html,Luật sửa đổi bổ sung các luật về Thuế số 71/2014/QH13,Văn bản,van-ban-phap-luat,Văn bản pháp luật,luat-bo-luat,Luật - Bộ luật,lao-dong-bao-hiem,Lao động - Bảo hiểm,lv2-default-law
thu-vien/luat-thue-gia-tri-gia-tang-hop-nhat.html,Luật thuế giá trị gia tăng hợp nhất,Văn bản,van-ban-phap-luat,Văn bản pháp luật,luat-bo-luat,Luật - Bộ luật,lao-dong-bao-hiem,Lao động - Bảo hiểm,lv2-default-law
thu-vien/luat-thue-gia-tri-gia-tang-sua-doi-so-149-2025-qh15.html,Luật Thuế giá trị gia tăng sửa đổi số 149/2025/QH15,Văn bản,van-ban-phap-luat,Văn bản pháp luật,luat-bo-luat,Luật - Bộ luật,lao-dong-bao-hiem,Lao động - Bảo hiểm,lv2-default-law
thu-vien/luat-thue-gtgt-moi-nhat.html,Luật thuế GTGT 48/2024/QH15 mới nhất có hiệu lực từ 01/07/2025,Văn bản,van-ban-phap-luat,Văn bản pháp luật,luat-bo-luat,Luật - Bộ luật,lao-dong-bao-hiem,Lao động - Bảo hiểm,lv2-default-law
thu-vien/luat-thue-thu-nhap-doanh-nghiep-so-67-2025-qh15.html,Luật Thuế thu nhập doanh nghiệp 2025 có hiệu lực từ 01/10/2025,Văn bản,van-ban-phap-luat,Văn bản pháp luật,luat-bo-luat,Luật - Bộ luật,lao-dong-bao-hiem,Lao động - Bảo hiểm,lv2-default-law
thu-vien/luat-thue-tncn-so-109-2025-qh15.html,Luật Thuế TNCN số 109/2025/QH15 áp dụng từ năm 2026,Văn bản,van-ban-phap-luat,Văn bản pháp luật,luat-bo-luat,Luật - Bộ luật,lao-dong-bao-hiem,Lao động - Bảo hiểm,lv2-default-law
thu-vien/luat-viec-lam-so-74-2025-qh15.html,Luật việc làm 2025 số 74/2025/QH15 có hiệu lực từ 01/01/2026,Văn bản,van-ban-phap-luat,Văn bản pháp luật,luat-bo-luat,Luật - Bộ luật,lao-dong-bao-hiem,Lao động - Bảo hiểm,title-override-laodong
thu-vien/nghi-dinh-01-2021-nd-cp-quy-dinh-ve-dang-ky-doanh-nghiep.html,Nghị định 01/2021/NĐ-CP quy định về đăng ký doanh nghiệp,Văn bản,van-ban-phap-luat,Văn bản pháp luật,nghi-dinh,Nghị định,doanh-nghiep-thu-tuc,Doanh nghiệp - Thủ tục,title-override-dn
thu-vien/nghi-dinh-04-2014-nd-cp-ve-hoa-don-ban-hang-cung-ung-dich-vu.html,"Nghị định 04/2014/NĐ-CP quy định về hóa đơn bán hàng, cung ứng dịch vụ",Văn bản,van-ban-phap-luat,Văn bản pháp luật,nghi-dinh,Nghị định,thue,Thuế - Hóa đơn,lv2-default-tax-regulation
thu-vien/nghi-dinh-100-2016-nd-cp-huong-dan-luat-106-2016.html,Nghị định 100/2016/NĐ-CP Hướng dẫn thi hành Luật 106/2016/QH13,Văn bản,van-ban-phap-luat,Văn bản pháp luật,nghi-dinh,Nghị định,thue,Thuế - Hóa đơn,lv2-default-tax-regulation
thu-vien/nghi-dinh-109-2013-nd-cp-xu-phat-vi-pham-ve-hoa-don-phi-le-phi.html,"Nghị định 109/2013/NĐ-CP Xử phạt vi phạm hành chính về hóa đơn, phí, lệ phí",Văn bản,van-ban-phap-luat,Văn bản pháp luật,nghi-dinh,Nghị định,thue,Thuế - Hóa đơn,lv2-default-tax-regulation
thu-vien/nghi-dinh-114-2020-nd-cp-giam-30-thue-tndn-nam-2020.html,Nghị định 114/2020/NĐ-CP giảm 30% thuế TNDN năm 2020,Văn bản,van-ban-phap-luat,Văn bản pháp luật,nghi-dinh,Nghị định,thue,Thuế - Hóa đơn,lv2-default-tax-regulation
thu-vien/nghi-dinh-115-2015-nd-cp-quy-dinh-luat-bao-hiem-xa-hoi.html,Nghi định 115/2015/NĐ-CP Quy định Luật Bảo hiểm xã hội,Văn bản,van-ban-phap-luat,Văn bản pháp luật,nghi-dinh,Nghị định,lao-dong-bao-hiem,Lao động - Bảo hiểm,title-override-laodong
thu-vien/nghi-dinh-117-2025-nd-cp-thue-cua-ho-ca-nhan-kd-tren-san-thuong-mai-dien-tu.html,"Nghị định 117/2025/NĐ-CP Thuế của hộ, cá nhân kinh doanh trên sàn thương mại điện tử",Văn bản,van-ban-phap-luat,Văn bản pháp luật,nghi-dinh,Nghị định,thue,Thuế - Hóa đơn,lv2-default-tax-regulation
thu-vien/nghi-dinh-119-2018-nd-cp-quy-dinh-ve-hoa-don-dien-tu.html,Nghị định 119/2018/NĐ-CP quy định về hóa đơn điện tử,Văn bản,van-ban-phap-luat,Văn bản pháp luật,nghi-dinh,Nghị định,thue,Thuế - Hóa đơn,lv2-default-tax-regulation
thu-vien/nghi-dinh-12-2015-nd-cp-sua-doi-bo-sung-luat-the.html,Nghị định 12/2015/NĐ-CP Sửa đổi bổ sung các Luật về Thuế,Văn bản,van-ban-phap-luat,Văn bản pháp luật,nghi-dinh,Nghị định,thue,Thuế - Hóa đơn,lv2-default-tax-regulation
thu-vien/nghi-dinh-12-2023-nd-cp-gia-han-nop-thue-gtgt-tndn-nam-2023.html,"Nghị định 12/2023/NĐ-CP gia hạn nộp thuế GTGT, TNDN năm 2023",Văn bản,van-ban-phap-luat,Văn bản pháp luật,nghi-dinh,Nghị định,thue,Thuế - Hóa đơn,lv2-default-tax-regulation
thu-vien/nghi-dinh-12-vbhn-btc-huong-dan-luat-thue-thu-nhap-doanh-nghiep.html,Nghị định 12/VBHN-BTC Hướng dẫn luật thuế TNDN,Văn bản,van-ban-phap-luat,Văn bản pháp luật,nghi-dinh,Nghị định,thue,Thuế - Hóa đơn,lv2-default-tax-regulation
thu-vien/nghi-dinh-121-2018-nd-cp-quy-dinh-ve-thang-bang-luong.html,Nghị định 121/2018/NĐ-CP quy định về Thang bảng lương,Văn bản,van-ban-phap-luat,Văn bản pháp luật,nghi-dinh,Nghị định,lao-dong-bao-hiem,Lao động - Bảo hiểm,title-override-laodong
thu-vien/nghi-dinh-122-2015-quy-dinh-muc-luong-toi-thieu-vung-nam-2016.html,Nghị định 122/2015/NĐ-CP Mức lương tối thiểu vùng năm 2016,Văn bản,van-ban-phap-luat,Văn bản pháp luật,nghi-dinh,Nghị định,thue,Thuế - Hóa đơn,lv2-default-tax-regulation
thu-vien/nghi-dinh-122-2020-nd-cp-phoi-hop-thu-tuc-thanh-lap-doanh-nghiep.html,Nghị định 122/2020/NĐ-CP phổi hợp thủ tục đăng ký thành lập doanh nghiệp,Văn bản,van-ban-phap-luat,Văn bản pháp luật,nghi-dinh,Nghị định,doanh-nghiep-thu-tuc,Doanh nghiệp - Thủ tục,title-override-dn
thu-vien/nghi-dinh-123-2020-nd-cp-quy-dinh-ve-hoa-don-dien-tu.html,Nghị định 123/2020/NĐ-CP Quy định về hóa đơn điện tử,Văn bản,van-ban-phap-luat,Văn bản pháp luật,nghi-dinh,Nghị định,thue,Thuế - Hóa đơn,lv2-default-tax-regulation
thu-vien/nghi-dinh-125-2020-nd-cp-xu-phat-vi-pham-ve-thue-hoa-don.html,"Nghị định 125/2020/NĐ-CP Xử phạt vi phạm về thuế, hóa đơn",Văn bản,van-ban-phap-luat,Văn bản pháp luật,nghi-dinh,Nghị định,thue,Thuế - Hóa đơn,lv2-default-tax-regulation
thu-vien/nghi-dinh-126-2020-nd-cp-huong-dan-luat-quan-ly-thue.html,Nghị định 126/2020/NĐ-CP hướng dẫn Luật quản lý thuế,Văn bản,van-ban-phap-luat,Văn bản pháp luật,nghi-dinh,Nghị định,thue,Thuế - Hóa đơn,lv2-default-tax-regulation
thu-vien/nghi-dinh-128-2025-nd-cp-quy-dinh-ve-phan-quyen-phan-cap-trong-quan-ly-nha-nuoc-linh-vuc-noi-vu.html,"Nghị định 128/2025/NĐ-CP quy định về phân quyền, phân cấp trong quản lý Nhà nước lĩnh vực nội vụ.",Văn bản,van-ban-phap-luat,Văn bản pháp luật,nghi-dinh,Nghị định,thue,Thuế - Hóa đơn,lv2-default-tax-regulation
thu-vien/nghi-dinh-13-vbhn-btc-quy-dinh-ve-luat-thue-gtgt.html,Nghị định 13/VBHN-BTC Hướng dẫn Luật thuế giá trị gia tăng,Văn bản,van-ban-phap-luat,Văn bản pháp luật,nghi-dinh,Nghị định,thue,Thuế - Hóa đơn,lv2-default-tax-regulation
thu-vien/nghi-dinh-139-2016-nd-cp-quy-dinh-ve-le-phi-mon-bai.html,Nghị định 139/2016/NĐ-CP Quy định về lệ phí Môn bài,Văn bản,van-ban-phap-luat,Văn bản pháp luật,nghi-dinh,Nghị định,thue,Thuế - Hóa đơn,lv2-default-tax-regulation
thu-vien/nghi-dinh-141-2017-nd-cp-muc-luong-toi-thieu-vung-doi-voi-nld.html,Nghị định 141/2017/NĐ-CP Mức lương tối thiểu vùng đối với NLĐ,Văn bản,van-ban-phap-luat,Văn bản pháp luật,nghi-dinh,Nghị định,thue,Thuế - Hóa đơn,lv2-default-tax-regulation
thu-vien/nghi-dinh-145-2020-nd-cp-huong-dan-thi-hanh-luat-lao-dong.html,Nghị định 145/2020/NĐ-CP hướng dẫn thi hành Luật lao động,Văn bản,van-ban-phap-luat,Văn bản pháp luật,nghi-dinh,Nghị định,lao-dong-bao-hiem,Lao động - Bảo hiểm,title-override-laodong
thu-vien/nghi-dinh-146-2017-nd-cp-sua-doi-bo-sung-thue-gtgt-tndn.html,"Nghị định 146/2017/NĐ-CP Sửa đổi bổ sung Luật thuế GTGT, TNDN",Văn bản,van-ban-phap-luat,Văn bản pháp luật,nghi-dinh,Nghị định,thue,Thuế - Hóa đơn,lv2-default-tax-regulation
thu-vien/nghi-dinh-15-2022-nd-cp-giam-thue-gtgt-tu-10-xuong-8.html,Nghị định 15/2022/NĐ-CP giảm thuế GTGT từ 10% xuống 8%,Văn bản,van-ban-phap-luat,Văn bản pháp luật,nghi-dinh,Nghị định,thue,Thuế - Hóa đơn,lv2-default-tax-regulation
thu-vien/nghi-dinh-153-2016-nd-cp-muc-luong-toi-thieu-vung-2017.html,Nghị định 153/2016/NĐ-CP Mức lương tối thiểu vùng 2017,Văn bản,van-ban-phap-luat,Văn bản pháp luật,nghi-dinh,Nghị định,thue,Thuế - Hóa đơn,lv2-default-tax-regulation
thu-vien/nghi-dinh-157-quy-dinh-muc-luong-toi-thieu-vung-2019.html,Nghị định 157/2018/NĐ-CP Quy định mức lương tối thiểu vùng 2019,Văn bản,van-ban-phap-luat,Văn bản pháp luật,nghi-dinh,Nghị định,thue,Thuế - Hóa đơn,lv2-default-tax-regulation
thu-vien/nghi-dinh-158-2025-nd-cp-huong-dan-luat-bhxh.html,Nghị định 158/2025/NĐ-CP hướng dẫn Luật BHXH từ ngày 01/07/2025,Văn bản,van-ban-phap-luat,Văn bản pháp luật,nghi-dinh,Nghị định,lao-dong-bao-hiem,Lao động - Bảo hiểm,title-override-laodong
thu-vien/nghi-dinh-174-2016-nd-cp-quy-dinh-ve-luat-ke-toan.html,Nghị định 174/2016/NĐ-CP Quy định một số điều của Luật kế toán,Văn bản,van-ban-phap-luat,Văn bản pháp luật,nghi-dinh,Nghị định,ke-toan,Kế toán,title-override-ketoan
thu-vien/nghi-dinh-174-2025-nd-cp-chinh-sach-giam-thue-gtgt.html,Nghị định 174/2025/NĐ-CP chính sách giảm thuế GTGT theo Nghị quyết 204/2025/QH15,Văn bản,van-ban-phap-luat,Văn bản pháp luật,nghi-dinh,Nghị định,thue,Thuế - Hóa đơn,lv2-default-tax-regulation
thu-vien/nghi-dinh-181-2025-nd-cp-huong-dan-luat-thue-gtgt.html,Nghị định 181/2025/NĐ-CP hướng dẫn Luật Thuế GTGT có hiệu lực từ ngày 01/7/2025,Văn bản,van-ban-phap-luat,Văn bản pháp luật,nghi-dinh,Nghị định,thue,Thuế - Hóa đơn,lv2-default-tax-regulation
thu-vien/nghi-dinh-188-2025-nd-cp-huong-dan-luat-bao-hiem-y-te.html,Nghị định 188/2025/NĐ-CP hướng dẫn Luật Bảo hiểm y tế,Văn bản,van-ban-phap-luat,Văn bản pháp luật,nghi-dinh,Nghị định,lao-dong-bao-hiem,Lao động - Bảo hiểm,title-override-laodong
thu-vien/nghi-dinh-191-huong-dan-ve-kinh-phi-cong-doan.html,Nghị định 191/2013/NĐ-CP hướng dẫn về kinh phí công đoàn,Văn bản,van-ban-phap-luat,Văn bản pháp luật,nghi-dinh,Nghị định,lao-dong-bao-hiem,Lao động - Bảo hiểm,title-override-laodong
thu-vien/nghi-dinh-20-2026-nd-cp-huong-dan-nghi-quyet-so-198-2025-qh15.html,Nghị định 20/2026/NĐ-CP hướng dẫn Nghị quyết số 198/2025/QH15,Văn bản,van-ban-phap-luat,Văn bản pháp luật,nghi-dinh,Nghị định,thue,Thuế - Hóa đơn,lv2-default-tax-regulation
thu-vien/nghi-dinh-209-2013-nd-cp-quy-dinh-huong-dan-luat-thue-gtgt.html,Nghị định 209/2013/NĐ-CP Quy định chi tiết và hướng dẫn luật thuế GTGT,Văn bản,van-ban-phap-luat,Văn bản pháp luật,nghi-dinh,Nghị định,thue,Thuế - Hóa đơn,lv2-default-tax-regulation
thu-vien/nghi-dinh-218-2013-nd-cp-huong-dan-thi-hanh-luat-thue-tndn.html,Nghị định 218/2013/NĐ-CP Hướng dẫn thi hành luật thuế TNDN,Văn bản,van-ban-phap-luat,Văn bản pháp luật,nghi-dinh,Nghị định,thue,Thuế - Hóa đơn,lv2-default-tax-regulation
thu-vien/nghi-dinh-22-2020-nd-cp-huong-dan-ve-le-phi-mon-bai.html,Nghị định 22/2020/NĐ-CP Hướng dẫn về lệ phí môn bài,Văn bản,van-ban-phap-luat,Văn bản pháp luật,nghi-dinh,Nghị định,thue,Thuế - Hóa đơn,lv2-default-tax-regulation
thu-vien/nghi-dinh-28-2020-nd-cp-xu-phat-vi-pham-ve-lao-dong-bhxh.html,"Nghị định 28/2020/NĐ-CP xử phạt vi phạm về lao động, BHXH",Văn bản,van-ban-phap-luat,Văn bản pháp luật,nghi-dinh,Nghị định,lao-dong-bao-hiem,Lao động - Bảo hiểm,title-override-laodong
thu-vien/nghi-dinh-310-2025-nd-cp-sua-doi-quy-dinh-xu-phat-vi-pham-hanh-chinh-ve-thue-hoa-don.html,"Nghị định 310/2025/NĐ-CP sửa đổi quy định xử phạt vi phạm hành chính về thuế, hóa đơn",Văn bản,van-ban-phap-luat,Văn bản pháp luật,nghi-dinh,Nghị định,thue,Thuế - Hóa đơn,lv2-default-tax-regulation
thu-vien/nghi-dinh-318-2025-nd-cp-huong-dan-luat-viec-lam.html,Nghị định 318/2025/NĐ-CP hướng dẫn Luật Việc làm,Văn bản,van-ban-phap-luat,Văn bản pháp luật,nghi-dinh,Nghị định,lao-dong-bao-hiem,Lao động - Bảo hiểm,title-override-laodong
thu-vien/nghi-dinh-320-2025-nd-cp-huong-dan-luat-thue-tndn.html,Nghị định 320/2025/NĐ-CP hướng dẫn Luật Thuế TNDN,Văn bản,van-ban-phap-luat,Văn bản pháp luật,nghi-dinh,Nghị định,thue,Thuế - Hóa đơn,lv2-default-tax-regulation
thu-vien/nghi-dinh-337-2025-nd-cp-hop-dong-lao-dong-dien-tu.html,Nghị định 337/2025/NĐ-CP quy định về hợp đồng lao động điện tử,Văn bản,van-ban-phap-luat,Văn bản pháp luật,nghi-dinh,Nghị định,lao-dong-bao-hiem,Lao động - Bảo hiểm,title-override-laodong
thu-vien/nghi-dinh-34-2022-nd-cp-gia-han-nop-thue-gtgt-tndn-nam-2022.html,"Nghị định 34/2022/NĐ-CP gia hạn nộp thuế GTGT, TNDN năm 2022",Văn bản,van-ban-phap-luat,Văn bản pháp luật,nghi-dinh,Nghị định,thue,Thuế - Hóa đơn,lv2-default-tax-regulation
thu-vien/nghi-dinh-359-2025-nd-cp-sua-doi-nd-181-2025-nd-cp-ve-thue-gtgt.html,Nghị định 359/2025/NĐ-CP sửa đổi NĐ 181/2025/NĐ-CP về Thuế GTGT,Văn bản,van-ban-phap-luat,Văn bản pháp luật,nghi-dinh,Nghị định,thue,Thuế - Hóa đơn,lv2-default-tax-regulation
thu-vien/nghi-dinh-362-2025-nd-cp-huong-dan-thi-hanh-luat-phi-va-le-phi.html,Nghị định 362/2025/NĐ-CP hướng dẫn thi hành Luật Phí và lệ phí,Văn bản,van-ban-phap-luat,Văn bản pháp luật,nghi-dinh,Nghị định,thue,Thuế - Hóa đơn,lv2-default-tax-regulation
thu-vien/nghi-dinh-373-2025-nd-cp-sua-doi-nghi-dinh-126-2020-nd-cp.html,Nghị định 373/2025/NĐ-CP sửa đổi Nghị định 126/2020/NĐ-CP về Quản lý thuế,Văn bản,van-ban-phap-luat,Văn bản pháp luật,nghi-dinh,Nghị định,thue,Thuế - Hóa đơn,lv2-default-tax-regulation
thu-vien/nghi-dinh-38-2022-nd-cp-quy-dinh-muc-luong-toi-thieu-vung.html,Nghị định 38/2022/NĐ-CP quy định mức lương tối thiểu vùng 2022,Văn bản,van-ban-phap-luat,Văn bản pháp luật,nghi-dinh,Nghị định,thue,Thuế - Hóa đơn,lv2-default-tax-regulation
thu-vien/nghi-dinh-39-2018-nd-cp-quy-dinh-luat-ho-tro-dn-vua-va-nho.html,Nghị định 39/2018/NĐ-CP quy định Luật hỗ trợ DN vừa và nhỏ,Văn bản,van-ban-phap-luat,Văn bản pháp luật,nghi-dinh,Nghị định,thue,Thuế - Hóa đơn,lv2-default-tax-regulation
thu-vien/nghi-dinh-41-2018-nd-cp-quy-dinh-muc-phat-vu-pham-ke-toan.html,Nghị định 41/2018/NĐ-CP quy định mức phạt vi phạm kế toán,Văn bản,van-ban-phap-luat,Văn bản pháp luật,nghi-dinh,Nghị định,ke-toan,Kế toán,title-override-ketoan
thu-vien/nghi-dinh-41-2020-nd-cp-gia-han-thoi-han-nop-thue-va-tien-thue-dat.html,Nghị định 41/2020/NĐ-CP gia hạn thời hạn nộp thuế và tiền thuê đất,Văn bản,van-ban-phap-luat,Văn bản pháp luật,nghi-dinh,Nghị định,thue,Thuế - Hóa đơn,lv2-default-tax-regulation
thu-vien/nghi-dinh-44-2021-nd-cp-chi-ho-tro-phong-chong-dich-covid-19.html,Nghị định 44/2021/NĐ-CP Chi hỗ trợ phòng chống dịch Covid 19,Văn bản,van-ban-phap-luat,Văn bản pháp luật,nghi-dinh,Nghị định,thue,Thuế - Hóa đơn,lv2-default-tax-regulation
thu-vien/nghi-dinh-44-2023-nd-cp-quy-dinh-chinh-sach-giam-thue-gtgt-nam-2023.html,Nghị định 44/2023/NĐ-CP quy định chính sách Giảm Thuế GTGT năm 2023,Văn bản,van-ban-phap-luat,Văn bản pháp luật,nghi-dinh,Nghị định,thue,Thuế - Hóa đơn,lv2-default-tax-regulation
thu-vien/nghi-dinh-47-2021-nd-cp-huong-dan-luat-doanh-nghiep.html,Nghị định 47/2021/NĐ-CP hướng dẫn Luật doanh nghiệp,Văn bản,van-ban-phap-luat,Văn bản pháp luật,nghi-dinh,Nghị định,doanh-nghiep-thu-tuc,Doanh nghiệp - Thủ tục,title-override-dn
thu-vien/nghi-dinh-49-2016-nd-cp-quy-dinh-xu-phat-ve-hoa-don-le-phi.html,"Nghị định 49/2016/NĐ-CP Quy định xử phạt về hóa đơn, lệ phí",Văn bản,van-ban-phap-luat,Văn bản pháp luật,nghi-dinh,Nghị định,thue,Thuế - Hóa đơn,lv2-default-tax-regulation
thu-vien/nghi-dinh-52-2021-gia-han-thoi-han-nop-thue-tien-thue-dat-2021.html,"Nghị định 52/2021 gia hạn thời hạn nộp thuế, tiền thuê đất 2021",Văn bản,van-ban-phap-luat,Văn bản pháp luật,nghi-dinh,Nghị định,thue,Thuế - Hóa đơn,lv2-default-tax-regulation
thu-vien/nghi-dinh-52-2024-nd-cp-quy-dinh-ve-thanh-toan-khong-dung-tien-mat.html,Nghị định 52/2024/NĐ-CP quy định về thanh toán không dùng tiền mặt,Văn bản,van-ban-phap-luat,Văn bản pháp luật,nghi-dinh,Nghị định,thue,Thuế - Hóa đơn,lv2-default-tax-regulation
thu-vien/nghi-dinh-68-2026-nd-cp-thue-doi-voi-ho-ca-nhan-kinh-doanh.html,"Nghị định 68/2026/NĐ-CP thuế đối với hộ, cá nhân kinh doanh",Văn bản,van-ban-phap-luat,Văn bản pháp luật,nghi-dinh,Nghị định,thue,Thuế - Hóa đơn,lv2-default-tax-regulation
thu-vien/nghi-dinh-70-2025-nd-cp-sua-doi-nghi-dinh-123-ve-hoa-don-dien-tu.html,Nghị định 70/2025/NĐ-CP sửa đổi Nghị định 123 về hóa đơn điện tử,Văn bản,van-ban-phap-luat,Văn bản pháp luật,nghi-dinh,Nghị định,thue,Thuế - Hóa đơn,lv2-default-tax-regulation
thu-vien/nghi-dinh-74-2024-nd-cp-quy-dinh-muc-luong-toi-thieu-vung.html,Nghị định 74/2024/NĐ-CP quy định mức lương tối thiểu vùng,Văn bản,van-ban-phap-luat,Văn bản pháp luật,nghi-dinh,Nghị định,thue,Thuế - Hóa đơn,lv2-default-tax-regulation
thu-vien/nghi-dinh-80-2021-nd-cp-huong-dan-luat-ho-tro-dn-nho-va-vua.html,Nghị định 80/2021/NĐ-CP hướng dẫn luật hỗ trợ DN nhỏ và vừa,Văn bản,van-ban-phap-luat,Văn bản pháp luật,nghi-dinh,Nghị định,thue,Thuế - Hóa đơn,lv2-default-tax-regulation
thu-vien/nghi-dinh-88-2015-nd-cp-xu-phat-ve-lao-dong-bhxh-kpcd.html,"Nghị định 88/2015/NĐ-CP Xử phạt về Lao động, BHXH, KPCĐ",Văn bản,van-ban-phap-luat,Văn bản pháp luật,nghi-dinh,Nghị định,lao-dong-bao-hiem,Lao động - Bảo hiểm,title-override-laodong
thu-vien/nghi-dinh-90-quy-dinh-muc-luong-toi-thieu-vung-2020.html,Nghị định 90/2019/NĐ-CP Quy định mức lương tối thiểu vùng 2020,Văn bản,van-ban-phap-luat,Văn bản pháp luật,nghi-dinh,Nghị định,thue,Thuế - Hóa đơn,lv2-default-tax-regulation
thu-vien/nghi-dinh-91-2014-nd-cp-cua-chinh-phu-quy-dinh-ve-thue.html,NGHỊ ĐỊNH 91/2014/NĐ-CP của Chính phủ quy định về Thuế,Văn bản,van-ban-phap-luat,Văn bản pháp luật,nghi-dinh,Nghị định,thue,Thuế - Hóa đơn,lv2-default-tax-regulation
thu-vien/nghi-dinh-92-2013-nd-cp-sua-doi-bo-sung-luat-thue-tndn-gtgt.html,"Nghị định 92/2013/NĐ-CP sửa đổi, bổ sung luật thuế TNDN, GTGT",Văn bản,van-ban-phap-luat,Văn bản pháp luật,nghi-dinh,Nghị định,thue,Thuế - Hóa đơn,lv2-default-tax-regulation
thu-vien/nghi-dinh-92-2021-nd-cp-giam-thue-tndn-gtgt-nam-2021.html,"Nghị định 92/2021/NĐ-CP về việc giảm thuế TNDN, GTGT năm 2021",Văn bản,van-ban-phap-luat,Văn bản pháp luật,nghi-dinh,Nghị định,thue,Thuế - Hóa đơn,lv2-default-tax-regulation
thu-vien/nghi-dinh-so-103-2014-nd-cp-quy-dinh-muc-luong-toi-thieu-vung.html,Nghị định Số 103/2014/NĐ-CP Quy định mức lương tối thiểu vùng 2015,Văn bản,van-ban-phap-luat,Văn bản pháp luật,nghi-dinh,Nghị định,thue,Thuế - Hóa đơn,lv2-default-tax-regulation
thu-vien/nghi-dinh-so-105-2014-nd-cp-luat-bao-hiem-y-te-nam-2015.html,Nghị định Số 105/2014/NĐ-CP luật bảo hiểm y tế năm 2015,Văn bản,van-ban-phap-luat,Văn bản pháp luật,nghi-dinh,Nghị định,thue,Thuế - Hóa đơn,lv2-default-tax-regulation
thu-vien/nghi-dinh-so-83-2013-nd-cp-quy-dinh-luat-quan-ly-thue.html,Nghị định Số 83/2013/NĐ-CP quy định luật quản lý Thuế,Văn bản,van-ban-phap-luat,Văn bản pháp luật,nghi-dinh,Nghị định,thue,Thuế - Hóa đơn,lv2-default-tax-regulation
thu-vien/nghi-quyet-198-2025-qh15-chinh-sach-mien-giam-thue-tndn-tncn-mon-bai.html,"Nghị quyết 198/2025/QH15 chính sách miễn giảm thuế TNDN, TNCN, Môn Bài",Văn bản,van-ban-phap-luat,Văn bản pháp luật,nghi-quyet-quyet-dinh,Nghị quyết - Quyết định,thue,Thuế - Hóa đơn,lv2-default-tax-resolution
thu-vien/nghi-quyet-204-2025-qh15-tiep-tuc-giam-thue-gtgt-8.html,Tiếp tục giảm thuế GTGT 8% từ ngày 01/7/2025 đến hết ngày 31/12/2026,Văn bản,van-ban-phap-luat,Văn bản pháp luật,nghi-quyet-quyet-dinh,Nghị quyết - Quyết định,thue,Thuế - Hóa đơn,lv2-default-tax-resolution
thu-vien/nghi-quyet-406-nq-ubtvqh15-giam-30-thue-tndn-nam-2021.html,Nghị quyết 406/NQ-UBTVQH15 giảm 30% thuế TNDN năm 2021,Văn bản,van-ban-phap-luat,Văn bản pháp luật,nghi-quyet-quyet-dinh,Nghị quyết - Quyết định,thue,Thuế - Hóa đơn,lv2-default-tax-resolution
thu-vien/nghi-quyet-43-2022-qh15-giam-2-thue-suat-thue-gtgt.html,Nghị quyết 43/2022/QH15 giảm 2% thuế suất thuế GTGT trong năm 2022,Văn bản,van-ban-phap-luat,Văn bản pháp luật,nghi-quyet-quyet-dinh,Nghị quyết - Quyết định,thue,Thuế - Hóa đơn,lv2-default-tax-resolution
thu-vien/nghi-quyet-954-2020-dieu-chinh-muc-giam-tru-gia-canh-thue-tncn.html,Nghị quyết 954/2020 điều chỉnh mức giảm trừ gia cảnh thuế TNCN,Văn bản,van-ban-phap-luat,Văn bản pháp luật,nghi-quyet-quyet-dinh,Nghị quyết - Quyết định,thue,Thuế - Hóa đơn,lv2-default-tax-resolution
thu-vien/nghi-quyet-so-116-giam-thue-tndn-phai-nop-nam-2020.html,Nghị quyết số 116 giảm thuế TNDN phải nộp năm 2020,Văn bản,van-ban-phap-luat,Văn bản pháp luật,nghi-quyet-quyet-dinh,Nghị quyết - Quyết định,thue,Thuế - Hóa đơn,lv2-default-tax-resolution
thu-vien/quyet-dinh-1018-qd-bhxh-quy-dinh-thu-chi-bhxh-bhyt.html,"Quyết định 1018/QĐ-BHXH Quy định thu, chi BHXH, BHYT",Văn bản,van-ban-phap-luat,Văn bản pháp luật,nghi-quyet-quyet-dinh,Nghị quyết - Quyết định,lao-dong-bao-hiem,Lao động - Bảo hiểm,title-override-laodong
thu-vien/quyet-dinh-108-qd-tct-quy-trinh-hoan-thue-tncn-tu-dong.html,Quyết định 108/QĐ-TCT quy trình hoàn thuế thu nhập cá nhân tự động,Văn bản,van-ban-phap-luat,Văn bản pháp luật,nghi-quyet-quyet-dinh,Nghị quyết - Quyết định,thue,Thuế - Hóa đơn,lv2-default-tax-resolution
thu-vien/quyet-dinh-1378-qd-btc-thu-tuc-dang-ky-nguoi-phu-thuoc.html,Quyết định 1378/QĐ-BTC Thủ tục đăng ký người phụ thuộc,Văn bản,van-ban-phap-luat,Văn bản pháp luật,nghi-quyet-quyet-dinh,Nghị quyết - Quyết định,thue,Thuế - Hóa đơn,lv2-default-tax-resolution
thu-vien/quyet-dinh-166-qd-bhxh-quy-trinh-giai-quyet-che-do-bhxh.html,"Quyết định 166/QĐ-BHXH Quy trình giải quyết chế độ BHXH, BHTN",Văn bản,van-ban-phap-luat,Văn bản pháp luật,nghi-quyet-quyet-dinh,Nghị quyết - Quyết định,lao-dong-bao-hiem,Lao động - Bảo hiểm,title-override-laodong
thu-vien/quyet-dinh-595-qd-bhxh-thay-the-qd-959-cua-bhxh-viet-nam.html,Quyết định 595/QĐ-BHXH thay thế QĐ 959/QĐ-BHXH của BHXH Việt Nam,Văn bản,van-ban-phap-luat,Văn bản pháp luật,nghi-quyet-quyet-dinh,Nghị quyết - Quyết định,lao-dong-bao-hiem,Lao động - Bảo hiểm,title-override-laodong
thu-vien/quyet-dinh-61-qd-tld-ve-dieu-chinh-giam-muc-dong-doan-phi-cong-doan.html,Giảm mức đóng đoàn phí công đoàn từ ngày 01/07/2025,Văn bản,van-ban-phap-luat,Văn bản pháp luật,nghi-quyet-quyet-dinh,Nghị quyết - Quyết định,lao-dong-bao-hiem,Lao động - Bảo hiểm,title-override-laodong
thu-vien/quyet-dinh-636-qd-bhxh-quy-dinh-ve-che-do-bhxh.html,Quyết định 636/QĐ-BHXH Quy định về chế độ BHXH,Văn bản,van-ban-phap-luat,Văn bản pháp luật,nghi-quyet-quyet-dinh,Nghị quyết - Quyết định,lao-dong-bao-hiem,Lao động - Bảo hiểm,title-override-laodong
thu-vien/quyet-dinh-919-qd-bhxh-ngay-26-8-2015-cua-bhxh-viet-nam.html,Quyết định 919/QĐ-BHXH Sửa đổi bổ sung QĐ 01/QĐ-BHXH,Văn bản,van-ban-phap-luat,Văn bản pháp luật,nghi-quyet-quyet-dinh,Nghị quyết - Quyết định,lao-dong-bao-hiem,Lao động - Bảo hiểm,title-override-laodong
thu-vien/quyet-dinh-959-qd-bhxh-quy-dinh-ve-bhxh-bhyt-bhtn.html,"Quyết định 959/QĐ-BHXH Quy định về BHXH, BHYT, BHTN",Văn bản,van-ban-phap-luat,Văn bản pháp luật,nghi-quyet-quyet-dinh,Nghị quyết - Quyết định,lao-dong-bao-hiem,Lao động - Bảo hiểm,title-override-laodong
thu-vien/quyet-dinh-so-01-qd-bhxh-che-do-bao-hiem-xa-hoi.html,Quyết định số 01/QĐ-BHXH Chế độ bảo hiểm xã hội,Văn bản,van-ban-phap-luat,Văn bản pháp luật,nghi-quyet-quyet-dinh,Nghị quyết - Quyết định,lao-dong-bao-hiem,Lao động - Bảo hiểm,title-override-laodong
thu-vien/thong-tu-01-2021-tt-bkhdt-huong-dan-ve-dang-ky-doanh-nghiep.html,Thông tư 01/2021/TT-BKHĐT hướng dẫn về đăng ký doanh nghiệp,Văn bản,van-ban-phap-luat,Văn bản pháp luật,thong-tu,Thông tư,doanh-nghiep-thu-tuc,Doanh nghiệp - Thủ tục,title-override-dn
thu-vien/thong-tu-03-2015-tt-bldtbxh-dieu-chinh-tien-luong-da-dong-bhxh.html,Thông tư 03/2015/TT-BLĐTBXH điều chỉnh tiền lương đã đóng BHXH,Văn bản,van-ban-phap-luat,Văn bản pháp luật,thong-tu,Thông tư,lao-dong-bao-hiem,Lao động - Bảo hiểm,title-override-laodong
thu-vien/thong-tu-04-vbhn-btc-van-ban-hop-nhat-ve-thue-tncn.html,Thông tư 04/VBHN-BTC văn bản hợp nhất về thuế TNCN,Văn bản,van-ban-phap-luat,Văn bản pháp luật,thong-tu,Thông tư,thue,Thuế - Hóa đơn,lv2-default-tax-circular
thu-vien/thong-tu-07-2007-ttlt-btm-btc-quy-dinh-ve-khuyen-mai-hoi-cho-trien-lam.html,"Thông tư 07/2007/TTLT-BTM-BTC quy định về khuyến mãi, hội chợ, triển lãm",Văn bản,van-ban-phap-luat,Văn bản pháp luật,thong-tu,Thông tư,thue,Thuế - Hóa đơn,lv2-default-tax-circular
thu-vien/thong-tu-09-2015-tt-btc-giao-dich-tai-chinh-cua-doanh-nghiep.html,Thông tư 09/2015/TT-BTC quy định giao dịch tài chính của doanh nghiệp,Văn bản,van-ban-phap-luat,Văn bản pháp luật,thong-tu,Thông tư,thue,Thuế - Hóa đơn,lv2-default-tax-circular
thu-vien/thong-tu-10-2020-tt-bldtbxh-huong-dan-luat-lao-dong.html,Thông tư 10/2020/TT-BLĐTBXH hướng dẫn Luật lao động,Văn bản,van-ban-phap-luat,Văn bản pháp luật,thong-tu,Thông tư,lao-dong-bao-hiem,Lao động - Bảo hiểm,title-override-laodong
thu-vien/thong-tu-100-2021-tt-btc-sua-doi-bo-sung-thong-tu-40-2021.html,"Thông tư 100/2021/TT-BTC sửa đổi, bổ sung Thông tư 40/2021",Văn bản,van-ban-phap-luat,Văn bản pháp luật,thong-tu,Thông tư,thue,Thuế - Hóa đơn,lv2-default-tax-circular
thu-vien/thong-tu-105-2020-tt-btc-huong-dan-ve-dang-ky-thue.html,Thông tư 105/2020/TT-BTC hướng dẫn về đăng ký thuế,Văn bản,van-ban-phap-luat,Văn bản pháp luật,thong-tu,Thông tư,thue,Thuế - Hóa đơn,lv2-default-tax-circular
thu-vien/thong-tu-111-2013-tt-btc-huong-dan-thi-ha-nh-luat-thue-tncn.html,Thông tư 111/2013/TT-BTC hướng dẫn thi hành Luật thuế TNCN,Văn bản,van-ban-phap-luat,Văn bản pháp luật,thong-tu,Thông tư,thue,Thuế - Hóa đơn,lv2-default-tax-circular
thu-vien/thong-tu-130-2016-tt-btc-huong-dan-nghi-dinh-100-luat-106.html,"Thông tư 130/2016/TT-BTC hướng dẫn Nghị định 100, Luật 106/2016/QH13",Văn bản,van-ban-phap-luat,Văn bản pháp luật,thong-tu,Thông tư,thue,Thuế - Hóa đơn,lv2-default-tax-circular
thu-vien/thong-tu-132-2018-tt-btc-che-do-ke-toan-doanh-nghiep-sieu-nho.html,Thông tư 132/2018/TT-BTC Chế độ kế toán Doanh nghiệp siêu nhỏ,Văn bản,van-ban-phap-luat,Văn bản pháp luật,thong-tu,Thông tư,ke-toan,Kế toán,title-override-ketoan
thu-vien/thong-tu-141-2013-tt-btc-thi-hanh-luat-thue-tndn-va-gtgt.html,Thông tư 141/2013/TT-BTC hướng dẫn thi hành luật thuế TNDN và GTGT,Văn bản,van-ban-phap-luat,Văn bản pháp luật,thong-tu,Thông tư,thue,Thuế - Hóa đơn,lv2-default-tax-circular
thu-vien/thong-tu-151-2014-tt-btc-huong-dan-thi-hanh-nd-91-quy-dinh-ve-thue.html,Thông tư 151/2014/TT-BTC hướng dẫn thi hành NĐ 91 quy định về thuế,Văn bản,van-ban-phap-luat,Văn bản pháp luật,thong-tu,Thông tư,thue,Thuế - Hóa đơn,lv2-default-tax-circular
thu-vien/thong-tu-16-vbhn-btc-van-ban-hop-nhat-ve-thue-gtgt.html,Thông tư 16/VBHN-BTC Văn bản hợp nhất về thuế GTGT,Văn bản,van-ban-phap-luat,Văn bản pháp luật,thong-tu,Thông tư,thue,Thuế - Hóa đơn,lv2-default-tax-circular
thu-vien/thong-tu-166-2013-tt-btc-xu-phat-vi-pham-hanh-chinh-ve-thue.html,Thông tư 166/2013/TT-BTC xử phạt vi phạm hành chính về Thuế,Văn bản,van-ban-phap-luat,Văn bản pháp luật,thong-tu,Thông tư,thue,Thuế - Hóa đơn,lv2-default-tax-circular
thu-vien/thong-tu-17-vbhn-btc-van-ban-hop-nhat-ve-hoa-don.html,Thông tư 17/VBHN-BTC Văn bản hợp nhất về hóa đơn,Văn bản,van-ban-phap-luat,Văn bản pháp luật,thong-tu,Thông tư,thue,Thuế - Hóa đơn,lv2-default-tax-circular
thu-vien/thong-tu-173-2016-tt-btc-sua-doi-bo-sung-thong-tu-219.html,"Thông tư 173 /2016/TT-BTC sửa đổi, bổ sung Thông tư 219",Văn bản,van-ban-phap-luat,Văn bản pháp luật,thong-tu,Thông tư,thue,Thuế - Hóa đơn,lv2-default-tax-circular
thu-vien/thong-tu-176-2016-tt-btc-xu-phat-vi-pham-hanh-chinh-ve-hoa-don.html,Thông tư 176/2016/TT-BTC Xử phạt vi phạm hành chính về hóa đơn,Văn bản,van-ban-phap-luat,Văn bản pháp luật,thong-tu,Thông tư,thue,Thuế - Hóa đơn,lv2-default-tax-circular
thu-vien/thong-tu-18-2026-tt-btc-ve-thue-doi-voi-ho-ca-nhan-kinh-doanh.html,"Thông tư 18/2026/TT-BTC quy định về thuế đối với hộ, cá nhân kinh doanh",Văn bản,van-ban-phap-luat,Văn bản pháp luật,thong-tu,Thông tư,thue,Thuế - Hóa đơn,lv2-default-tax-circular
thu-vien/thong-tu-18-vbhn-btc-van-ban-hop-nhat-ve-quan-ly-thue.html,Thông tư 18/VBHN-BTC văn bản hợp nhất về quản lý thuế,Văn bản,van-ban-phap-luat,Văn bản pháp luật,thong-tu,Thông tư,thue,Thuế - Hóa đơn,lv2-default-tax-circular
thu-vien/thong-tu-20-2026-tt-btc-huong-dan-luat-thue-tndn.html,Thông tư 20/2026/TT-BTC hướng dẫn về Thuế TNDN,Văn bản,van-ban-phap-luat,Văn bản pháp luật,thong-tu,Thông tư,thue,Thuế - Hóa đơn,lv2-default-tax-circular
thu-vien/thong-tu-200-2014-tt-btc-che-do-ke-toan-doanh-nghiep.html,Thông tư 200/2014/TT-BTC Chế độ kế toán Doanh nghiệp,Văn bản,van-ban-phap-luat,Văn bản pháp luật,thong-tu,Thông tư,ke-toan,Kế toán,title-override-ketoan
thu-vien/thong-tu-202-2014-tt-btc-huong-dan-lap-bao-cao-tai-chinh-hop-nhat.html,Thông tư 202/2014/TT-BTC Hướng dẫn lập và trình bày BCTC hợp nhất,Văn bản,van-ban-phap-luat,Văn bản pháp luật,thong-tu,Thông tư,thue,Thuế - Hóa đơn,lv2-default-tax-circular
thu-vien/thong-tu-219-2013-tt-btc-huong-dan-thi-hanh-luat-thue-gtgt.html,Thông tư 219/2013/TT-BTC hướng dẫn thi hành luật thuế GTGT,Văn bản,van-ban-phap-luat,Văn bản pháp luật,thong-tu,Thông tư,thue,Thuế - Hóa đơn,lv2-default-tax-circular
thu-vien/thong-tu-23-2014-tt-bldtbxh-quy-dinh-ve-tuyen-dung-va-bao-cao-su-dung-lao-dong.html,Thông tư 23/2014/TT-BLĐTBXH Quy định về tuyển dụng và báo cáo sử dụng lao động,Văn bản,van-ban-phap-luat,Văn bản pháp luật,thong-tu,Thông tư,lao-dong-bao-hiem,Lao động - Bảo hiểm,title-override-laodong
thu-vien/thong-tu-23-2015-tt-bldtbxh-quy-dinh-ve-tien-luong.html,Thông tư 23/2015/TT-BLĐTBXH quy định về cách tính lương cho người lao động,Văn bản,van-ban-phap-luat,Văn bản pháp luật,thong-tu,Thông tư,lao-dong-bao-hiem,Lao động - Bảo hiểm,title-override-laodong
thu-vien/thong-tu-25-2018-tt-btc-huong-dan-nghi-dinh-146-2017-nd-cp.html,Thông tư 25/2018/TT-BTC hướng dẫn Nghị định 146/2017/NĐ-CP,Văn bản,van-ban-phap-luat,Văn bản pháp luật,thong-tu,Thông tư,thue,Thuế - Hóa đơn,lv2-default-tax-circular
thu-vien/thong-tu-26-2015-tt-btc-huong-dan-thue-gtgt-va-quan-ly-thue.html,Thông tư 26/2015/TT-BTC hướng dẫn về thuế GTGT và quản lý thuế,Văn bản,van-ban-phap-luat,Văn bản pháp luật,thong-tu,Thông tư,thue,Thuế - Hóa đơn,lv2-default-tax-circular
thu-vien/thong-tu-26-vbhn-btc-van-ban-hop-nhat-thue-tndn.html,Thông tư 26/VBHN –BTC văn bản hợp nhất thuế TNDN,Văn bản,van-ban-phap-luat,Văn bản pháp luật,thong-tu,Thông tư,thue,Thuế - Hóa đơn,lv2-default-tax-circular
thu-vien/thong-tu-302-2016-tt-btc-huong-dan-ve-le-phi-mon-bai.html,Thông tư 302/2016/TT-BTC Hướng dẫn về lệ phí môn bài,Văn bản,van-ban-phap-luat,Văn bản pháp luật,thong-tu,Thông tư,thue,Thuế - Hóa đơn,lv2-default-tax-circular
thu-vien/thong-tu-32-2025-tt-btc-hoa-don-dien-tu.html,Thông tư 32/2025/TT-BTC thay thế Thông tư 78/2021 về hóa đơn điện tử,Văn bản,van-ban-phap-luat,Văn bản pháp luật,thong-tu,Thông tư,thue,Thuế - Hóa đơn,lv2-default-tax-circular
thu-vien/thong-tu-324-2016-tt-btc-he-thong-muc-luc-ngan-sach-nha-nuoc.html,Thông tư 324/2016/TT-BTC Quy định mục lục ngân sách nhà nước.,Văn bản,van-ban-phap-luat,Văn bản pháp luật,thong-tu,Thông tư,thue,Thuế - Hóa đơn,lv2-default-tax-circular
thu-vien/thong-tu-37-2017-tt-btc-sua-doi-bo-sung-thong-tu-39.html,"Thông tư 37/2017/TT-BTC sửa đổi, bổ sung Thông tư 39 về hóa đơn",Văn bản,van-ban-phap-luat,Văn bản pháp luật,thong-tu,Thông tư,thue,Thuế - Hóa đơn,lv2-default-tax-circular
thu-vien/thong-tu-39-2014-tt-btc-nhung-quy-dinh-moi-ve-hoa-don.html,Thông tư 39/2014/TT-BTC Những quy định mới về hóa đơn,Văn bản,van-ban-phap-luat,Văn bản pháp luật,thong-tu,Thông tư,thue,Thuế - Hóa đơn,lv2-default-tax-circular
thu-vien/thong-tu-39-2025-tt-bct-quy-dinh-ve-han-muc-khuyen-mai-giam-gia.html,Thông tư 39/2025/TT-BCT quy định về hạn mức khuyến mại giảm giá,Văn bản,van-ban-phap-luat,Văn bản pháp luật,thong-tu,Thông tư,thue,Thuế - Hóa đơn,lv2-default-tax-circular
thu-vien/thong-tu-40-2021-tt-btc-quy-dinh-thue-cho-ho-ca-nhan-kinh-doanh.html,"Thông tư 40/2021/TT-BTC quy định thuế GTGT, TNCN cho cá nhân, hộ kinh doanh",Văn bản,van-ban-phap-luat,Văn bản pháp luật,thong-tu,Thông tư,thue,Thuế - Hóa đơn,lv2-default-tax-circular
thu-vien/thong-tu-47-2015-tt-bldtbxh-quy-dinh-ve-muc-luong-va-phu-cap-luong.html,Thông tư 47/2015/TT-BLĐTBXH quy định về mức lương và phụ cấp lương,Văn bản,van-ban-phap-luat,Văn bản pháp luật,thong-tu,Thông tư,thue,Thuế - Hóa đơn,lv2-default-tax-circular
thu-vien/thong-tu-59-2015-bldtbxh-huong-dan-luat-bhxh-bat-buoc.html,Thông tư 59/2015/TT-BLĐTBXH hướng dẫn Luật BHXH bắt buộc,Văn bản,van-ban-phap-luat,Văn bản pháp luật,thong-tu,Thông tư,lao-dong-bao-hiem,Lao động - Bảo hiểm,title-override-laodong
thu-vien/thong-tu-64-2013-tt-btc-quy-dinh-ve-hoa-don-gtgt-ban-hang.html,Thông tư 64/2013/TT-BTC hướng dẫn thi hành Nghị định số 51/2010/NĐ-CP,Văn bản,van-ban-phap-luat,Văn bản pháp luật,thong-tu,Thông tư,thue,Thuế - Hóa đơn,lv2-default-tax-circular
thu-vien/thong-tu-64-2015-ttlt-btc-bct-bca-bqp-quy-dinh-ve-hoa-don.html,Thông tư 64/2015/TTLT-BTC-BCT-BCA-BQP quy định về hóa đơn hàng nhập khẩu,Văn bản,van-ban-phap-luat,Văn bản pháp luật,thong-tu,Thông tư,thue,Thuế - Hóa đơn,lv2-default-tax-circular
thu-vien/thong-tu-65-2020-tt-btc-quy-dinh-ve-thue-mon-bai.html,Thông tư 65/2020/TT-BTC quy định về thuế môn bài,Văn bản,van-ban-phap-luat,Văn bản pháp luật,thong-tu,Thông tư,thue,Thuế - Hóa đơn,lv2-default-tax-circular
thu-vien/thong-tu-68-2019-tt-btc-quy-dinh-ve-hoa-don-dien-tu.html,Thông tư 68/2019/TT-BTC quy định về hóa đơn điện tử,Văn bản,van-ban-phap-luat,Văn bản pháp luật,thong-tu,Thông tư,thue,Thuế - Hóa đơn,lv2-default-tax-circular
thu-vien/thong-tu-69-2025-tt-btc-huong-dan-ve-thue-gtgt.html,Thông tư 69/2025/TT-BTC Hướng dẫn về thuế GTGT từ ngày 01/07/2025,Văn bản,van-ban-phap-luat,Văn bản pháp luật,thong-tu,Thông tư,thue,Thuế - Hóa đơn,lv2-default-tax-circular
thu-vien/thong-tu-75-2015-tt-btc-sua-doi-bo-sung-dieu-128-tt-200.html,"Thông tư 75/2015/TT-BTC sửa đổi, bổ sung điều 128 Thông tư 200/2014/TT-BTC",Văn bản,van-ban-phap-luat,Văn bản pháp luật,thong-tu,Thông tư,ke-toan,Kế toán,title-override-ketoan
thu-vien/thong-tu-78-2014-tt-btc-huong-dan-thi-hanh-luat-thue-tndn.html,Thông tư 78/2014/TT-BTC hướng dẫn thi hành luật thuế TNDN,Văn bản,van-ban-phap-luat,Văn bản pháp luật,thong-tu,Thông tư,thue,Thuế - Hóa đơn,lv2-default-tax-circular
thu-vien/thong-tu-78-2021-tt-btc-quy-dinh-ve-hoa-don-dien-tu.html,Thông tư 78/2021/TT-BTC quy định về hoá đơn điện tử,Văn bản,van-ban-phap-luat,Văn bản pháp luật,thong-tu,Thông tư,thue,Thuế - Hóa đơn,lv2-default-tax-circular
thu-vien/thong-tu-88-2020-tt-btc-huong-dan-ve-hoa-don-dien-tu.html,Thông tư 88/2020/TT-BTC hướng dẫn về hóa đơn điện tử,Văn bản,van-ban-phap-luat,Văn bản pháp luật,thong-tu,Thông tư,thue,Thuế - Hóa đơn,lv2-default-tax-circular
thu-vien/thong-tu-88-che-do-ke-toan-cho-ca-nhan-ho-kinh-doanh.html,"Thông tư 88/2021/TT-BTC chế độ kế toán cho cá nhân, hộ kinh doanh",Văn bản,van-ban-phap-luat,Văn bản pháp luật,thong-tu,Thông tư,ke-toan,Kế toán,title-override-ketoan
thu-vien/thong-tu-92-2015-quy-dinh-ve-thue-gtgt-tncn-doi-voi-ca-nhan.html,"Thông tư 92/2015/TT-BTC quy định về thuế GTGT, TNCN đối với cá nhân",Văn bản,van-ban-phap-luat,Văn bản pháp luật,thong-tu,Thông tư,thue,Thuế - Hóa đơn,lv2-default-tax-circular
thu-vien/thong-tu-93-2017-tt-btc-sua-doi-bo-sung-tt-156-119-219.html,"Thông tư 93/2017/TT-BTC Sửa đổi, bổ sung TT 219, 119, 156",Văn bản,van-ban-phap-luat,Văn bản pháp luật,thong-tu,Thông tư,thue,Thuế - Hóa đơn,lv2-default-tax-circular
thu-vien/thong-tu-95-2016-tt-btc-huong-dan-dang-ky-thue.html,Thông tư 95/2016/TT- BTC Hướng dẫn đăng ký Thuế,Văn bản,van-ban-phap-luat,Văn bản pháp luật,thong-tu,Thông tư,thue,Thuế - Hóa đơn,lv2-default-tax-circular
thu-vien/thong-tu-96-2015-tt-btc-huong-dan-thue-thu-nhap-doanh-nghiep.html,Thông tư 96/2015/TT-BTC Hướng dẫn Luật thuế TNDN năm 2015,Văn bản,van-ban-phap-luat,Văn bản pháp luật,thong-tu,Thông tư,thue,Thuế - Hóa đơn,lv2-default-tax-circular
thu-vien/thong-tu-99-2025-tt-btc-huong-dan-che-do-ke-toan-dn.html,Thông tư 99/2025/TT-BTC hướng dẫn Chế độ kế toán doanh nghiệp,Văn bản,van-ban-phap-luat,Văn bản pháp luật,thong-tu,Thông tư,ke-toan,Kế toán,title-override-ketoan
thu-vien/thong-tu-so-10-2014-tt-btc-xu-phat-vi-pham-ve-hoa-don-gtgt.html,Thông tư số 10/2014/TT-BTC quy định xử phạt vi phạm hành chính về hóa đơn,Văn bản,van-ban-phap-luat,Văn bản pháp luật,thong-tu,Thông tư,thue,Thuế - Hóa đơn,lv2-default-tax-circular
thu-vien/thong-tu-so-119-2014-tt-btc-ngay-25-8-2014.html,THÔNG TƯ Số 119/2014/TT- BTC Bỏ mức 1 tỷ áp dụng phương pháp khấu trừ thuế,Văn bản,van-ban-phap-luat,Văn bản pháp luật,thong-tu,Thông tư,thue,Thuế - Hóa đơn,lv2-default-tax-circular
thu-vien/thong-tu-so-156-2013-tt-btc-huong-dan-thi-hanh-luat-quan-ly-thue.html,Thông tư Số 156/2013/TT-BTC hướng dẫn thi hành luật quản lý Thuế,Văn bản,van-ban-phap-luat,Văn bản pháp luật,thong-tu,Thông tư,thue,Thuế - Hóa đơn,lv2-default-tax-circular
thu-vien/thong-tu-so-178-tt-btc-ap-dung-bao-hiem-xa-hoi-viet-nam.html,Thông tư số 178/TT-BTC áp dụng bảo hiểm xã hội việt Nam,Văn bản,van-ban-phap-luat,Văn bản pháp luật,thong-tu,Thông tư,thue,Thuế - Hóa đơn,lv2-default-tax-circular
