href,title,from_topicLv1Key,from_topicLv1Label,from_topicLv2Key,from_topicLv2Label,to_topicLv1Key,to_topicLv1Label,to_topicLv2Key,to_topicLv2Label,reason
thu-vien/cac-hanh-vi-bi-nghiem-cam-trong-khau-tru-hoan-thue.html,"Các hành vi bị nghiêm cấm trong khấu trừ, hoàn thuế",tham-khao-hoc-lieu,Học liệu - Tham khảo,khac,Khác,thue,Thuế - Hóa đơn,gtgt-hoa-don,GTGT - Hóa đơn,rule-thue-gtgt
thu-vien/cac-hanh-vi-vi-pham-hanh-chinh-ve-thue-moi-nhat.html,Các hành vi vi phạm hành chính về thuế theo TT 166,tham-khao-hoc-lieu,Học liệu - Tham khảo,khac,Khác,thue,Thuế - Hóa đơn,gtgt-hoa-don,GTGT - Hóa đơn,rule-thue-gtgt
thu-vien/cach-chuyen-so-du-theo-thong-tu-133.html,Cách chuyển số dư đầu kỳ từ QĐ 48 sang TT 133,tham-khao-hoc-lieu,Học liệu - Tham khảo,khac,Khác,ke-toan,Kế toán,chuan-muc-che-do-nguyen-tac,Chuẩn mực - Chế độ - Nguyên tắc,rule-ketoan-chedo
thu-vien/cach-lap-bang-tong-hop-chi-tiet-vat-lieu-hang-hoa-dung-cu-san-pham.html,"Cách lập bảng tổng hợp chi tiết vật liệu, dụng cụ, sản phẩm, hàng hóa",tham-khao-hoc-lieu,Học liệu - Tham khảo,khac,Khác,ke-toan,Kế toán,tai-san-kho-ccdc,Tài sản - Kho - CCDC,rule-ketoan-kho
thu-vien/cach-lap-bao-cao-tinh-hinh-tai-chinh-theo-thong-tu-99.html,Cách lập Báo cáo tình hình tài chính theo Thông tư 99,tham-khao-hoc-lieu,Học liệu - Tham khảo,khac,Khác,ke-toan,Kế toán,bao-cao-tai-chinh,Báo cáo tài chính,rule-ketoan-bctc
thu-vien/cach-lap-so-chi-tiet-thanh-toan-voi-nguoi-mua-bang-ngoai-te.html,Cách lập Sổ chi tiết thanh toán với người mua (người bán) bằng ngoại tệ,tham-khao-hoc-lieu,Học liệu - Tham khảo,khac,Khác,ke-toan,Kế toán,tai-khoan-hach-toan,Tài khoản - Hạch toán,rule-ketoan-tk
thu-vien/cach-lap-so-chi-tiet-thanh-toan-voi-nguoi-mua-nguoi-ban.html,Cách lập sổ chi tiết thanh toán với người mua (người bán),tham-khao-hoc-lieu,Học liệu - Tham khảo,khac,Khác,ke-toan,Kế toán,tai-khoan-hach-toan,Tài khoản - Hạch toán,rule-ketoan-tk
thu-vien/cach-lap-so-chi-tiet-tien-vay-theo-thong-tu-200.html,Cách lập sổ chi tiết tiền vay theo Thông tư 200,tham-khao-hoc-lieu,Học liệu - Tham khảo,khac,Khác,ke-toan,Kế toán,tai-khoan-hach-toan,Tài khoản - Hạch toán,rule-ketoan-tk
thu-vien/cach-lap-so-chi-tiet-vat-lieu-dung-cu-san-pham-hang-hoa.html,"Hướng dẫn lập sổ chi tiết vật liệu, dụng cụ, sản phẩm, hàng hóa theo Thông tư 200",tham-khao-hoc-lieu,Học liệu - Tham khảo,khac,Khác,ke-toan,Kế toán,tai-san-kho-ccdc,Tài sản - Kho - CCDC,rule-ketoan-kho
thu-vien/cach-lap-so-theo-doi-thanh-toan-bang-ngoai-te.html,Cách lập Sổ theo dõi thanh toán bằng ngoại tệ,tham-khao-hoc-lieu,Học liệu - Tham khảo,khac,Khác,ke-toan,Kế toán,tai-khoan-hach-toan,Tài khoản - Hạch toán,rule-ketoan-tk
thu-vien/cach-lap-so-tien-gui-ngan-hang-theo-thong-tu-200.html,Hướng dẫn lập sổ tiền gửi ngân hàng Mẫu S08- DN theo Thông tư 200,tham-khao-hoc-lieu,Học liệu - Tham khảo,khac,Khác,ke-toan,Kế toán,chung-tu-so-sach,Chứng từ - Sổ sách,rule-ketoan-sosach
thu-vien/cach-viet-giay-de-nghi-dieu-chinh-thu-nsnn-mau-c1-07-ns.html,Cách ghi mẫu C1-07a/NS giấy đề nghị điều chỉnh thu NSNN,tham-khao-hoc-lieu,Học liệu - Tham khảo,khac,Khác,thue,Thuế - Hóa đơn,gtgt-hoa-don,GTGT - Hóa đơn,rule-thue-gtgt
thu-vien/cach-viet-giay-nop-tien-vao-ngan-sach-nha-nuoc-mau-c1-02-ns.html,Cách viết giấy nộp tiền vào ngân sách nhà nước mẫu C1-02/NS,tham-khao-hoc-lieu,Học liệu - Tham khảo,khac,Khác,thue,Thuế - Hóa đơn,gtgt-hoa-don,GTGT - Hóa đơn,rule-thue-gtgt
thu-vien/cach-xac-dinh-ca-nhan-cu-tru-va-khong-cu-tru.html,Điều kiện để xác định cá nhân là cư trú năm 2026,tham-khao-hoc-lieu,Học liệu - Tham khảo,khac,Khác,thue,Thuế - Hóa đơn,tncn,Thuế thu nhập cá nhân,rule-thue-tncn
thu-vien/chi-phi-di-cong-tac-hop-ly-duoc-tru.html,Quy định công tác phí hợp lý của Công ty mới nhất,tham-khao-hoc-lieu,Học liệu - Tham khảo,khac,Khác,ke-toan,Kế toán,chung-tu-so-sach,Chứng từ - Sổ sách,rule-ketoan-sosach
thu-vien/cong-ty-do-go-hung-long-tuyen-kt-tong-hop-da-co-kinh-nghiem.html,Công ty Đồ gỗ Hưng Long tuyển KT tổng hợp đã có kinh nghiệm,tham-khao-hoc-lieu,Học liệu - Tham khảo,khac,Khác,tham-khao-hoc-lieu,Học liệu - Tham khảo,kinh-nghiem-hoi-dap-nghe-nghiep,Kinh nghiệm - Hỏi đáp - Nghề nghiệp,rule-nghenghiep
thu-vien/dang-ky-thanh-lap-chi-nhanh-vpdd-dia-diem-kinh-doanh.html,"Đăng ký thành lập chi nhánh, văn phòng đại diện, địa điểm kinh doanh",tham-khao-hoc-lieu,Học liệu - Tham khảo,khac,Khác,doanh-nghiep-thu-tuc,Doanh nghiệp - Thủ tục,thu-tuc-doanh-nghiep,DN - Thủ tục,rule-dn-thutuc
thu-vien/dieu-kien-ap-dung-thue-suat-0.html,Điều kiện áp dụng thuế suất 0% từ ngày 01/07/2025,tham-khao-hoc-lieu,Học liệu - Tham khảo,khac,Khác,thue,Thuế - Hóa đơn,gtgt-hoa-don,GTGT - Hóa đơn,rule-thue-gtgt
thu-vien/dieu-kien-va-muc-huong-tro-cap-thoi-viec-2024.html,Điều kiện và mức hưởng trợ cấp thôi việc 2026,tham-khao-hoc-lieu,Học liệu - Tham khảo,khac,Khác,lao-dong-bao-hiem,Lao động - Bảo hiểm,lao-dong-tien-luong,Lao động - Tiền lương,rule-laodong-luong
thu-vien/doi-thoai-tai-noi-lam-viec-la-gi-co-bat-buoc-khong-cach-to-chuc.html,Đối thoại tại nơi làm việc là gì? có bắt buộc không? Cách tổ chức đối thoại tại nơi làm việc,tham-khao-hoc-lieu,Học liệu - Tham khảo,khac,Khác,lao-dong-bao-hiem,Lao động - Bảo hiểm,lao-dong-tien-luong,Lao động - Tiền lương,rule-laodong-luong
thu-vien/han-muc-toi-da-ve-gia-tri-hang-hoa-khuyen-mai.html,"Hạn mức tối đa về giá trị hàng hóa, dịch vụ dùng để khuyến mại",tham-khao-hoc-lieu,Học liệu - Tham khảo,khac,Khác,doanh-nghiep-thu-tuc,Doanh nghiệp - Thủ tục,thu-tuc-doanh-nghiep,DN - Thủ tục,rule-dn-thutuc
thu-vien/ho-so-thu-tuc-vay-tien-cua-ca-nhan-va-cong-ty.html,Hồ sơ thủ tục vay tiền cá nhân và Doanh nghiệp khác,tham-khao-hoc-lieu,Học liệu - Tham khảo,khac,Khác,doanh-nghiep-thu-tuc,Doanh nghiệp - Thủ tục,thu-tuc-doanh-nghiep,DN - Thủ tục,rule-dn-thutuc
thu-vien/hoi-dong-thuong-luong-tap-the-thanh-lap-chuc-nang-nhiem-vu.html,"Hội đồng thương lượng tập thể: thành lập, chức năng, nhiệm vụ",tham-khao-hoc-lieu,Học liệu - Tham khảo,khac,Khác,lao-dong-bao-hiem,Lao động - Bảo hiểm,lao-dong-tien-luong,Lao động - Tiền lương,rule-laodong-luong
thu-vien/huong-dan-ke-khai-thue-tieu-thu-dac-biet.html,Hướng dẫn kê khai thuế tiêu thụ đặc biệt,tham-khao-hoc-lieu,Học liệu - Tham khảo,khac,Khác,thue,Thuế - Hóa đơn,gtgt-hoa-don,GTGT - Hóa đơn,rule-thue-gtgt
thu-vien/muc-giam-gia-toi-da-doi-voi-hang-khuyen-mai.html,"Mức giảm giá tối đa đối với hàng hóa, dịch vụ được khuyến mại",tham-khao-hoc-lieu,Học liệu - Tham khảo,khac,Khác,doanh-nghiep-thu-tuc,Doanh nghiệp - Thủ tục,thu-tuc-doanh-nghiep,DN - Thủ tục,rule-dn-thutuc
thu-vien/muc-huong-duong-suc-sau-sinh-de-phuc-hoi-suc-khoe.html,Mức hưởng dưỡng sức sau sinh 2025 để phục hồi sức khỏe,tham-khao-hoc-lieu,Học liệu - Tham khảo,khac,Khác,lao-dong-bao-hiem,Lao động - Bảo hiểm,bao-hiem,BHXH - BHYT - BHTN,rule-laodong-bh
thu-vien/muc-huong-tro-cap-mot-lan-khi-sinh-con.html,Điều kiện và cách tính mức hưởng trợ cấp một lần khi sinh con 2025,tham-khao-hoc-lieu,Học liệu - Tham khảo,khac,Khác,lao-dong-bao-hiem,Lao động - Bảo hiểm,bao-hiem,BHXH - BHYT - BHTN,rule-laodong-bh
thu-vien/muc-phat-doi-voi-hanh-vi-tron-thue-gian-lan-thue.html,"Mức phạt hành vi trốn thuế, gian lận thuế",tham-khao-hoc-lieu,Học liệu - Tham khảo,khac,Khác,thue,Thuế - Hóa đơn,gtgt-hoa-don,GTGT - Hóa đơn,rule-thue-gtgt
thu-vien/muc-phat-khai-khong-day-du-cac-noi-dung-trong-ho-so-thue.html,Mức phạt khai không đầy đủ các nội dung trong hồ sơ thuế,tham-khao-hoc-lieu,Học liệu - Tham khảo,khac,Khác,thue,Thuế - Hóa đơn,gtgt-hoa-don,GTGT - Hóa đơn,rule-thue-gtgt
thu-vien/nhung-cau-hoi-phong-van-thuong-gap-va-cach-tra-loi.html,Những câu hỏi phỏng vấn thường gặp khi đi xin việc và cách trả lời,tham-khao-hoc-lieu,Học liệu - Tham khảo,khac,Khác,tham-khao-hoc-lieu,Học liệu - Tham khảo,kinh-nghiem-hoi-dap-nghe-nghiep,Kinh nghiệm - Hỏi đáp - Nghề nghiệp,rule-nghenghiep
thu-vien/nhung-luat-thue-moi-nhat-nam-2015-co-hieu-luc-tu-ngay-1-1-2015.html,Những chính sách thuế mới nhất năm 2017 (Có hiệu lực từ 1/1/2017),tham-khao-hoc-lieu,Học liệu - Tham khảo,khac,Khác,thue,Thuế - Hóa đơn,gtgt-hoa-don,GTGT - Hóa đơn,rule-thue-gtgt
thu-vien/nhung-mat-hang-chiu-thue-suat-10.html,Những mặt hàng chịu thuế suất 10% năm 2026,tham-khao-hoc-lieu,Học liệu - Tham khảo,khac,Khác,thue,Thuế - Hóa đơn,gtgt-hoa-don,GTGT - Hóa đơn,rule-thue-gtgt
thu-vien/quy-dinh-ve-thoi-gian-lam-viec-lam-them-gio-tang-ca.html,"Quy định về thời gian làm việc hành chính, ca đêm",tham-khao-hoc-lieu,Học liệu - Tham khảo,khac,Khác,lao-dong-bao-hiem,Lao động - Bảo hiểm,lao-dong-tien-luong,Lao động - Tiền lương,rule-laodong-luong
thu-vien/quy-dinh-ve-viec-kiem-ke-tai-san-hang-nam.html,Quy định về việc kiểm kê tài sản hàng năm,tham-khao-hoc-lieu,Học liệu - Tham khảo,khac,Khác,ke-toan,Kế toán,tai-san-kho-ccdc,Tài sản - Kho - CCDC,rule-ketoan-kho
thu-vien/quy-trinh-kiem-tra-thue.html,Quy trình kiểm tra thuế áp dụng từ 14/7/2023,tham-khao-hoc-lieu,Học liệu - Tham khảo,khac,Khác,thue,Thuế - Hóa đơn,gtgt-hoa-don,GTGT - Hóa đơn,rule-thue-gtgt
thu-vien/thay-doi-dia-diem-kinh-doanh-can-lam-thu-tuc-gi.html,"Thủ tục thuế khi thay đổi tên công ty, địa điểm kinh doanh",tham-khao-hoc-lieu,Học liệu - Tham khảo,khac,Khác,doanh-nghiep-thu-tuc,Doanh nghiệp - Thủ tục,thu-tuc-doanh-nghiep,DN - Thủ tục,rule-dn-thutuc
thu-vien/thoi-han-gop-von-cua-cong-ty-co-phan-tnhh-1-2-thanh-vien.html,"Quy định về thời hạn góp vốn điều lệ công ty TNHH, cổ phần",tham-khao-hoc-lieu,Học liệu - Tham khảo,khac,Khác,doanh-nghiep-thu-tuc,Doanh nghiệp - Thủ tục,thu-tuc-doanh-nghiep,DN - Thủ tục,rule-dn-thutuc
thu-vien/thoi-hieu-xu-phat-vi-pham-hanh-chinh-ve-thue.html,Thời hiệu xử phạt vi phạm hành chính về thuế mới nhất 2025,tham-khao-hoc-lieu,Học liệu - Tham khảo,khac,Khác,thue,Thuế - Hóa đơn,gtgt-hoa-don,GTGT - Hóa đơn,rule-thue-gtgt
thu-vien/thu-tuc-dang-ky-hoi-cho-trien-lam-thuong-mai.html,"Thủ tục đăng ký tổ chức, tham gia hội chợ, triển lãm thương mại",tham-khao-hoc-lieu,Học liệu - Tham khảo,khac,Khác,doanh-nghiep-thu-tuc,Doanh nghiệp - Thủ tục,thu-tuc-doanh-nghiep,DN - Thủ tục,rule-dn-thutuc
thu-vien/thu-tuc-giai-the-cong-ty-doanh-nghiep-voi-co-quan-thue.html,"Thủ tục giải thể doanh nghiệp, công ty mới nhất",tham-khao-hoc-lieu,Học liệu - Tham khảo,khac,Khác,doanh-nghiep-thu-tuc,Doanh nghiệp - Thủ tục,thu-tuc-doanh-nghiep,DN - Thủ tục,rule-dn-thutuc
thu-vien/thu-tuc-lam-ho-so-ke-khai-thue-ban-dau.html,Thủ tục hồ sơ khai thuế ban đầu 2021 Cty mới thành lập,tham-khao-hoc-lieu,Học liệu - Tham khảo,khac,Khác,thue,Thuế - Hóa đơn,ma-so-thue-dang-ky-thue,Mã số thuế - Đăng ký thuế,rule-thue-mst
thu-vien/thu-tuc-thanh-lap-hoi-dong-thuong-luong-tap-the.html,Thủ tục Thành lập Hội đồng thương lượng tập thể 2025,tham-khao-hoc-lieu,Học liệu - Tham khảo,khac,Khác,lao-dong-bao-hiem,Lao động - Bảo hiểm,lao-dong-tien-luong,Lao động - Tiền lương,rule-laodong-luong
thu-vien/thu-tuc-thay-doi-chu-tich-hoi-dong-thuong-luong-tap-the.html,Thủ tục Thay đổi Chủ tịch Hội đồng thương lượng tập thể,tham-khao-hoc-lieu,Học liệu - Tham khảo,khac,Khác,lao-dong-bao-hiem,Lao động - Bảo hiểm,lao-dong-tien-luong,Lao động - Tiền lương,rule-laodong-luong
thu-vien/thu-tuc-thong-bao-khuyen-mai-so-cong-thuong.html,Thủ tục thông báo khuyến mại với Sở Công Thương về chương trình hoạt động khuyến mại,tham-khao-hoc-lieu,Học liệu - Tham khảo,khac,Khác,doanh-nghiep-thu-tuc,Doanh nghiệp - Thủ tục,thu-tuc-doanh-nghiep,DN - Thủ tục,rule-dn-thutuc
thu-vien/thuong-luong-tap-the-la-gi-co-bat-buoc-khong-quy-trinh-thuong-luong.html,Thương lượng tập thể là gì? có bắt buộc không? Quy trình thương lượng tập thể tại DN,tham-khao-hoc-lieu,Học liệu - Tham khảo,khac,Khác,lao-dong-bao-hiem,Lao động - Bảo hiểm,lao-dong-tien-luong,Lao động - Tiền lương,rule-laodong-luong
thu-vien/tinh-tiet-giam-nhe-tinh-tiet-tang-nang-vi-pham-hanh-chinh-thue.html,Tình tiết giảm nhẹ - tăng nặng vi phạm hành chính thuế,tham-khao-hoc-lieu,Học liệu - Tham khảo,khac,Khác,thue,Thuế - Hóa đơn,gtgt-hoa-don,GTGT - Hóa đơn,rule-thue-gtgt
thu-vien/tong-hop-cac-chinh-sach-thue-nam-2014-do-tong-cuc-thue-bien-soan.html,Tổng hợp các chính sách Thuế năm 2014 do Tổng Cục Thuế biên soạn,tham-khao-hoc-lieu,Học liệu - Tham khảo,khac,Khác,thue,Thuế - Hóa đơn,gtgt-hoa-don,GTGT - Hóa đơn,rule-thue-gtgt
thu-vien/tro-cap-mat-viec-lam-dieu-kien-huong-cach-tinh-muc-huong.html,"Trợ cấp mất việc làm: điều kiện hưởng, cách tính mức hưởng 2026",tham-khao-hoc-lieu,Học liệu - Tham khảo,khac,Khác,lao-dong-bao-hiem,Lao động - Bảo hiểm,lao-dong-tien-luong,Lao động - Tiền lương,rule-laodong-luong
thu-vien/tuoi-nghi-huu-cua-nu-nam-gioi-nam-2024-moi-nhat.html,"Tuổi nghỉ hưu của nữ, nam giới năm 2026 mới nhất",tham-khao-hoc-lieu,Học liệu - Tham khảo,khac,Khác,lao-dong-bao-hiem,Lao động - Bảo hiểm,lao-dong-tien-luong,Lao động - Tiền lương,rule-laodong-luong
thu-vien/uy-quyen-cho-nhan-vien-thanh-toan-tien-mua-hang-hoa-dich-vu.html,"Ủy quyền cho cá nhân, nhân viên thanh toán tiền mua hàng hóa dịch vụ",tham-khao-hoc-lieu,Học liệu - Tham khảo,khac,Khác,ke-toan,Kế toán,tai-san-kho-ccdc,Tài sản - Kho - CCDC,rule-ketoan-kho
